smiles,Hepatotoxicity,group
C[C@H](N)C(=O)N[C@@H](C)C(=O)NC1[C@@H]2CN(c3nc4c(cc3F)c(=O)c(C(=O)O)cn4-c3ccc(F)cc3F)C[C@H]12,1,test
C=CCOc1ccc(CC(=O)O)cc1Cl,1,test
O=C(O)CCCCCCNC1c2ccccc2CCc2ccccc21,1,test
CN(C)CCCC1c2ccccc2Nc2ccc(Cl)cc21,1,test
COc1ccc2c(C(=O)c3ccc(Cl)cc3)c(C)n(CC(=O)O)c2c1,1,test
CC(=O)Oc1ccc(C(=C2CCCCC2)c2ccc(OC(C)=O)cc2)cc1,1,test
CN1c2c(oc(=O)n(-c3ccccn3)c2=O)-c2ccccc2S1(=O)=O,1,test
NC(N)=Nc1nc(CSCCN=CNS(=O)(=O)c2ccc(Br)cc2)cs1,1,test
O=C(c1cc(O)c(O)c(O)c1)c1ccc(O)c(O)c1O,1,test
O=C(O)Cc1csc(-c2ccc(Cl)cc2)n1,1,test
CC(NN)c1ccccc1,1,test
CN1CCCC(CN2c3ccccc3Sc3ccccc32)C1,1,test
CN(C)Cc1ccc(CSCCN/C(=C\[N+](=O)[O-])NCc2ccc3c(c2)OCO3)o1,1,test
Cc1nc([N+](=O)[O-])cn1-c1ccc([N+](=O)[O-])cc1,1,test
CC(COc1ccccc1)NN,1,test
NC(=O)C1CCN(CCCN2c3ccccc3Sc3ccc(Cl)cc32)CC1,1,test
NC(=O)NS(=O)(=O)c1ccc(N)cc1,1,test
Nc1ccc(S(=O)(=O)Nc2nccs2)cc1,1,test
Cc1cc(Br)c(O)c2ncccc12,1,test
CC(=O)Oc1ccc(C2(c3ccc(OC(C)=O)cc3)C(=O)N(C(C)=O)c3ccccc32)cc1,1,test
NC1[C@@H]2CN(c3nc4c(cc3F)c(=O)c(C(=O)O)cn4-c3ccc(F)cc3F)C[C@H]12,1,test
CCOC(Nc1ccc(C(=O)O)cc1)C(=O)c1ccc(-c2ccccc2)cc1,1,test
CCOC(=O)CN[C@@H](C(=O)N1CC[C@H]1C(=O)NCc1ccc(/C(N)=N/O)cc1)C1CCCCC1,1,test
CN(C)CC=C(c1ccc(Br)cc1)c1cccnc1,1,test
O=C1CN(N=Cc2ccc(-c3ccc([N+](=O)[O-])cc3)o2)C(=O)N1,1,test
CC(=O)N1CCN(c2ccc(OC[C@@H]3CO[C@@](Cn4ccnc4)(c4ccc(Cl)cc4Cl)O3)cc2)CC1,1,test
Nc1ccn([C@@H]2CS[C@H](CO)O2)c(=O)n1,1,test
C[C@]12COC(=O)C[C@@H]1CC[C@@H]1[C@@H]2CC[C@@]2(C)[C@H]1CC[C@]2(C)O,1,test
C[C@]12CC(=CO)C(=O)C[C@@H]1CC[C@@H]1[C@@H]2CC[C@@]2(C)[C@H]1CC[C@]2(C)O,1,test
Cc1ccc(Nc2nccc(N(C)c3ccc4c(C)n(C)nc4c3)n2)cc1S(N)(=O)=O,1,test
CCN(CC)CCNC(=O)c1c(C)[nH]c(/C=C2\C(=O)Nc3ccc(F)cc32)c1C,1,test
C[C@H](Cn1cnc2c(N)ncnc21)OCP(=O)(O)O,1,test
CCC[C@@]1(CCc2ccccc2)CC(=O)C([C@H](CC)c2cccc(NS(=O)(=O)c3ccc(C(F)(F)F)cn3)c2)=C(O)O1,1,test
O=C1C=CC=C/C1=C1\N/C(=C2/C=CC=CC2=O)N(c2ccc(C(=O)O)cc2)N1,1,test
CN(C)N/N=C1\N=CN=C1C(N)=O,1,test
Cc1ccc(-n2[nH]c(C)c(N/N=C3\C=CC=C(c4cccc(C(=O)O)c4)C3=O)c2=O)cc1C,1,test
COc1cc(C)c(/C=C/C(C)=C/C=C/C(C)=C\C(=O)O)c(C)c1C,1,test
Nc1ccn([C@@H]2O[C@H](CO)[C@@H](O)[C@@H]2O)c(=O)n1,1,test
Cc1nnc(C(C)C)n1C1C[C@@H]2CC[C@H](C1)N2CC[C@H](NC(=O)C1CCC(F)(F)CC1)c1ccccc1,1,test
CC(N)C(=O)OC(C)(C)Cc1ccc(Cl)cc1,1,test
CCCCN1C(=O)[C@@H]([C@H](O)C2CCCCC2)NC(=O)C12CCN(Cc1ccc(Oc3ccc(C(=O)O)cc3)cc1)CC2,1,test
CC(=O)N[C@H]1[C@H](O)O[C@H](CO)[C@H](OS(=O)(=O)[O-])[C@@H]1O[C@@H]1O[C@@H](C(=O)[O-])[C@@H](O)[C@H](O)[C@H]1O,1,test
CN1CCC(Nc2ncc3ncnc(Nc4ccc(F)c(Cl)c4)c3n2)CC1,1,test
COc1cccc2c1[C@@H]1CN(CCCCn3c(=O)[nH]c4c(sc5ncc(-c6ccccc6)nc54)c3=O)C[C@@H]1CO2,1,test
CO/N=C(\N)c1ccc(-c2ccc(-c3ccc(/C(N)=N/OC)cc3)o2)cc1,1,test
CCO[C@@H]1OC(=O)C[C@@H]1NC(=O)[C@@H]1CCCN2C(=O)CC[C@H](NC(=O)c3nccc4ccccc34)C(=O)N12,1,test
Nc1nc(NC2CC2)c2ncn(C3C=C[C@H](CO)C3)c2n1,1,test
C[C@](O)(CS(=O)(=O)c1ccc(F)cc1)C(=O)Nc1ccc(C#N)c(C(F)(F)F)c1,1,test
O=c1[nH]c2cc(Cl)ccc2o1,1,test
CCC(CO)NCCNC(CC)CO,1,test
S=c1nc[nH]c2nc[nH]c12,1,test
Cn1cc[nH]c1=S,1,test
C[C@](N)(Cc1ccc(O)c(O)c1)C(=O)O,1,test
O=C1CN(/N=C\c2ccc([N+](=O)[O-])o2)C(=O)N1,1,test
CCCCCCCCCCC[C@@H](C[C@@H]1OC(=O)[C@H]1CCCCCC)OC(=O)[C@H](CC(C)C)NC=O,1,test
CC1=C(CC(=O)O)c2cc(F)ccc2C1=Cc1ccc(S(C)=O)cc1,1,test
CN(CC=CC#CC(C)(C)C)Cc1cccc2ccccc12,1,test
C[C@H]1O[C@H](O[C@@H]2[C@@H](CO)O[C@H](O[C@@H]3[C@@H](CO)O[C@@H](O)[C@H](O)[C@H]3O)[C@H](O)[C@H]2O)[C@H](O)[C@@H](O)[C@@H]1N[C@H]1C=C(CO)[C@H](O)[C@H](O)[C@H]1O,1,test
CC[C@H]1OC(=O)[C@H](C)[C@@H](O[C@H]2C[C@@](C)(OC)[C@@H](O)[C@H](C)O2)[C@H](C)[C@@H](O[C@@H]2O[C@H](C)C[C@H](N(C)C)[C@H]2O)[C@](C)(O)C[C@@H](C)C(=O)[C@H](C)[C@@H](O)[C@]1(C)O,1,test
CN1[C@H]2CC[C@@H]1CC(OC(=O)C(CO)c1ccccc1)C2,0,test
CCCCNc1ccc(C(=O)OCCOCCOCCOCCOCCOCCOCCOCCOCCOC)cc1,0,test
CC(Cc1ccccc1)N(C)Cc1ccccc1,0,test
CN1[C@@H]2CC[C@@H]1CC(OC(c1ccccc1)c1ccccc1)C2,0,test
C[N+](C)(C)CC(=O)[O-],0,test
CC(C[N+](C)(C)C)OC(N)=O,0,test
OC(CCN1CCCCC1)(c1ccccc1)C1CC2C=CC1C2,0,test
CN(C)CCOC(c1ccc(Cl)cc1)c1ccccn1,0,test
NC(=NCCCCCCN=C(N)/N=C(\N)Nc1ccc(Cl)cc1)/N=C(\N)Nc1ccc(Cl)cc1,0,test
CN1C[C@H](C(=O)N[C@]2(C)O[C@@]3(O)[C@@H]4CCCN4C(=O)[C@H](Cc4ccccc4)N3C2=O)C[C@@H]2c3cccc4[nH]cc(c34)C[C@H]21,0,test
CN(C)CCOC(c1ccccc1)c1ccccc1,0,test
CNC[C@H](O)c1ccc(O)c(O)c1,0,test
CCCCCCCC/C=C/CCCCCCCC(=O)O,0,test
CC(O)(P(=O)(O)O)P(=O)(O)O,0,test
Cc1c(-c2ccccc2)oc2c(C(=O)OCCN3CCCCC3)cccc2c1=O,0,test
NC(N)=NCCN1CCCCCCC1,0,test
OC[C@H]1O[C@](O)(CO)[C@@H](O)[C@@H]1O[C@@H]1O[C@H](CO)[C@H](O)[C@H](O)[C@H]1O,0,test
C[N+](C)(C)C[C@H](O)CC(=O)[O-],0,test
OCC(O)C(O)C(O)C(O)CO,0,test
C[C@](N)(Cc1ccc(O)cc1)C(=O)O,0,test
N=c1nc(N2CCCCC2)cc(N)n1O,0,test
CO[C@@]12[C@H](COC(N)=O)C3=C(C(=O)C(C)=C(N)C3=O)N1C[C@@H]1N[C@@H]12,0,test
NCC1OC(OC2C(CO)OC(OC3C(O)C(N)CC(N)C3OC3OC(CN)C(O)C(O)C3N)C2O)C(N)C(O)C1O,0,test
NC[C@H](O)c1ccc(O)c(O)c1,0,test
CC1C(c2ccccc2)OCCN1C,0,test
CC(C)(N)Cc1ccccc1,0,test
OC(CCN1CCCC1)(c1ccccc1)C1CCCCC1,0,test
C[N+](C)(C)CCOC(=O)CCC(=O)OCC[N+](C)(C)C,0,test
CCOc1ccccc1OCCN[C@H](C)Cc1ccc(OC)c(S(N)(=O)=O)c1,0,test
O=[N+]([O-])c1cccc([N+](=O)[O-])c1,1,training
C#C[C@]1(O)CC[C@H]2[C@@H]3CCc4cc(OS(=O)(=O)O)ccc4[C@H]3CC[C@@]21C,1,training
C=C1C(=CC=C2CCCC3(C)C2CCC3C(C)CCCC(C)C)CC(O)CC1O,1,training
CC(=O)Nc1ccc2c(c1)Cc1ccccc1-2,1,training
OCC1OC(O)CC(O)C1O,1,training
Cc1cn(C2OC(CO)C(O)C2F)c(=O)[nH]c1=O,1,training
COc1cc2c(cc1O)CCC1C2CCC2(C)C(O)CCC12,1,training
Cc1ccc2cc3c(ccc4ccccc43)c3c2c1CC3,1,training
CCC(=C(c1ccc(O)cc1)c1ccc(OCCN(C)C)cc1)c1ccccc1,1,training
Nc1ncn(C2OC(CO)C(O)C2O)c(=O)n1,1,training
O=c1[nH]c(=O)n(C2CC(O)C(CO)O2)cc1F,1,training
Sc1ncnc2[nH]cnc12,1,training
C[C@H]1O[C@H](O[C@@H]2[C@@H](CO)O[C@H](O[C@@H]3[C@@H](CO)O[C@@H](O)[C@H](O)[C@H]3O)[C@H](O)[C@H]2O)[C@H](O)[C@@H](O)[C@@H]1N[C@H]1C=C(CO)[C@@H](O)[C@H](O)[C@H]1O,1,training
CCCC(=O)Nc1ccc(OCC(O)CNC(C)C)c(C(C)=O)c1,1,training
CC(=O)CC(c1ccc([N+](=O)[O-])cc1)c1c(O)c2ccccc2oc1=O,1,training
CC(=O)c1ccc(S(=O)(=O)NC(=O)NC2CCCCC2)cc1,1,training
CC(=O)N[C@@H](CS)C(=O)O,1,training
COc1cc(C)c(/C=C/C(C)=C/C=C/C(C)=C/C(=O)O)c(C)c1C,1,training
Nc1nc(=O)c2ncn(COCCO)c2[nH]1,1,training
Nc1ncnc2c1ncn2[C@@H]1O[C@H](CO)[C@@H](O)[C@H]1O,1,training
COc1cc2c(c3oc(=O)c4c(c13)CCC4=O)[C@@H]1C=CO[C@@H]1O2,1,training
CCC1C2CC3C4N(C)c5ccccc5C45CC(C2C5O)N3C1O,1,training
CCCSc1ccc2nc(NC(=O)OC)[nH]c2c1,1,training
COC1CC2NC(N(C)CCCNC(=O)C3CCCO3)[N]C(N)C2CC1OC,1,training
C=CCO,1,training
C=CCOC=O,1,training
CCN(CCCc1ccccc1)CCCc1ccccc1,1,training
NCCC(O)C(=O)NC1CC(N)C(OC2OC(CN)C(O)C(O)C2O)C(O)C1OC1OC(CO)C(O)C(N)C1O,1,training
N=C(N)NC(=O)c1nc(Cl)c(N)nc1N,1,training
Cc1c(N(C)C)c(=O)n(-c2ccccc2)n1C,1,training
Nc1ccc(C(=O)O)c(O)c1,1,training
CN(C)CCC=C1c2ccccc2CCc2ccccc21,1,training
CCN(CC)Cc1cc(Nc2ccnc3cc(Cl)ccc23)ccc1O,1,training
CC(N)Cc1ccccc1,1,training
CC(C)CN(CC(O)C(Cc1ccccc1)NC(=O)OC1CCOC1)S(=O)(=O)c1ccc(N)cc1,1,training
Nc1cc(-c2ccncc2)c[nH]c1=O,1,training
COc1cc(NS(C)(=O)=O)ccc1Nc1c2ccccc2nc2ccccc12,1,training
CC(C)(C#N)c1cc(Cn2cncn2)cc(C(C)(C)C#N)c1,1,training
S=C=Nc1cccc2ccccc12,1,training
CC(=O)Oc1ccccc1C(=O)O,1,training
CCCC1(CCC)CCC2(CCN(CCCN(CC)CC)C2)CC1,1,training
CNCC[C@@H](Oc1ccccc1C)c1ccccc1,1,training
CC(C)c1c(C(=O)Nc2ccccc2)c(-c2ccccc2)c(-c2ccc(F)cc2)n1CCC(O)CC(O)CC(=O)O,1,training
C=C1[C@H](O)[C@@]23CC[C@@H]4[C@H](C(=O)O)C[C@@H](O[C@@H]5O[C@H](CO)[C@@H](OS(=O)(=O)[O-])[C@H](OS(=O)(=O)[O-])[C@H]5OC(=O)CC(C)C)C[C@@]4(C)[C@@H]2CC[C@@H]1C3,1,training
CC(C)c1cc(C(C)C)c(CC(=O)NS(=O)(=O)Oc2c(C(C)C)cccc2C(C)C)c(C(C)C)c1,1,training
Nc1ncn([C@@H]2O[C@H](CO)[C@@H](O)[C@H]2O)c(=O)n1,1,training
CN1CCC(=C2c3ccccc3CCc3cccnc32)CC1,1,training
Cn1cnc([N+](=O)[O-])c1Sc1ncnc2nc[nH]c12,1,training
CCC1OC(=O)C(C)C(OC2CC(C)(OC)C(O)C(C)O2)C(C)C(OC2OC(C)CC(N(C)C)C2O)C(C)(O)CC(C)CN(C)C(C)C(O)C1(C)O,1,training
CC1(C)SC2C(NC(=O)C(NC(=O)N3CCNC3=O)c3ccccc3)C(=O)N2C1C(=O)O,1,training
C[C@H]1[C@H](NC(=O)C(=NOC(C)(C)C(=O)O)c2csc(N)n2)C(=O)N1S(=O)(=O)O,1,training
NCC(CC(=O)O)c1ccc(Cl)cc1,1,training
CC(N)Br,1,training
Cn1c(CCCC(=O)O)nc2cc(N(CCCl)CCCl)ccc21,1,training
CC(C(=O)O)c1ccc2oc(-c3ccc(Cl)cc3)nc2c1,1,training
CC(C)COCC(CN(Cc1ccccc1)c1ccccc1)N1CCCC1,1,training
CC(C=CC=C(C)C=CC1=C(C)CCCC1(C)C)=CC=CC=C(C)C=CC=C(C)C=CC1=C(C)CCCC1(C)C,1,training
CC(C)(Oc1ccc(CCNC(=O)c2ccc(Cl)cc2)cc1)C(=O)O,1,training
CC(O)(CS(=O)(=O)c1ccc(F)cc1)C(=O)Nc1ccc(C#N)c(C(F)(F)F)c1,1,training
O=C(O)CCCC[C@@H]1SC[C@@H]2NC(=O)N[C@H]12,1,training
CC(C)NCC(O)COc1ccc(COCCOC(C)C)cc1,1,training
COc1ccccc1Oc1c(NS(=O)(=O)c2ccc(C(C)(C)C)cc2)nc(-c2ncccn2)nc1OCCO,1,training
Nc1c(CC(=O)O)cccc1C(=O)c1ccc(Br)cc1,1,training
CC(C)C(Br)C(=O)NC(N)=O,1,training
Brc1ccccc1,1,training
CCCC(=O)Nc1ncnc2c1ncn2C1OC2COP(=O)(O)OC2C1OC(=O)CCC,1,training
CCCC1OC2CC3C4CCC5=CC(=O)C=CC5(C)C4C(O)CC3(C)C2(C(=O)CO)O1,1,training
CCCCNc1cc(C(=O)O)cc(S(N)(=O)=O)c1Oc1ccccc1,1,training
COc1c(O)ccc2c1C13CCN(CC4CC4)C(C2)C12CCC(OC)(C3)C(C(C)(O)C(C)(C)C)C2,1,training
CC(NC(C)(C)C)C(=O)c1cccc(Cl)c1,1,training
O=C1CC2(CCCC2)CC(=O)N1CCCCN1CCN(c2ncccn2)CC1,1,training
CS(=O)(=O)OCCCCOS(C)(=O)=O,1,training
C=CCC1(CC(C)C)C(=O)NC(=O)NC1=O,1,training
O=C1OC(c2ccc(O)c(S(=O)(=O)O)c2)(c2ccc(O)c(S(=O)(=O)O)c2)c2c(Br)c(Br)c(Br)c(Br)c21,1,training
Cc1cc(C(C)(C)C)c(O)c(C(C)(C)C)c1,1,training
Cn1c(=O)c2c(ncn2C)n(C)c1=O,1,training
C=C1CC[C@H](O)C/C1=C/C=C1\CCC[C@@]2(C)[C@H]1CC[C@@H]2[C@H](C)CCCC(C)(C)O,1,training
C=C1C(=CC=C2CCCC3(C)C2CCC3C(C)CCCC(C)(C)O)CC(O)CC1O,1,training
CCC1(O)C(=O)OCc2c1cc1n(c2=O)CC2CC3CCCCC3NC12,1,training
CCOc1nc2cccc(C(=O)OC(C)OC(=O)OC3CCCCC3)c2n1Cc1ccc(-c2ccccc2-c2nn[nH]n2)cc1,1,training
C=C(C)C1CCC(C)=CC1c1c(O)cc(CCCCC)cc1O,1,training
NC(=O)N1c2ccccc2C=Cc2ccccc21,1,training
COC(=O)Nc1nc2ccccc2[nH]1,1,training
CC1(C)SC2C(NC(=O)C(C(=O)O)c3ccccc3)C(=O)N2C1C(=O)O,1,training
CCOC(=O)n1ccn(C)c1=S,1,training
ClC(Cl)(Cl)Cl,1,training
O=NN(CCCl)C(=O)NCCCl,1,training
COc1ccccc1OCCNCC(O)COc1cccc2[nH]c3ccccc3c12,1,training
Oc1cc(O)c2c(c1)OC(c1ccc(O)c(O)c1)C(O)C2,1,training
C[C@H](CCC(=O)O)[C@H]1CC[C@H]2[C@H]3[C@H](CC[C@@]21C)[C@@]1(C)CC[C@@H](O)C[C@H]1C[C@H]3O,1,training
NC(C(=O)NC1C(=O)N2C(C(=O)O)=C(Cl)CSC12)c1ccccc1,1,training
CC1=C(C(=O)O)N2C(=O)[C@@H](NC(=O)[C@H](N)c3ccc(O)cc3)[C@H]2SC1,1,training
Cn1nnnc1SCC1=C(C(=O)[O-])N2C(=O)[C@@H](NC(=O)[C@H](O)c3ccccc3)[C@H]2SC1,1,training
Cc1nnc(SCC2=C(C(=O)O)N3C(=O)C(NC(=O)Cn4cnnn4)C3SC2)s1,1,training
C=CC1=C(C(=O)O)N2C(=O)C(NC(=O)C(=NOCC(=O)O)c3csc(N)n3)C2SC1,1,training
CON=C(C(=O)NC1C(=O)N2C(C(=O)O)=C(COC(C)=O)CSC12)c1csc(N)n1,1,training
CO[C@@]1(NC(=O)C2SC(=C(C(N)=O)C(=O)O)S2)C(=O)N2C(C(=O)O)=C(CSc3nnnn3C)CS[C@@H]21,1,training
CN(C)CCn1nnnc1SCC1=C(C(=O)O)N2C(=O)[C@@H](NC(=O)Cc3csc(N)n3)[C@H]2SC1,1,training
CO[C@@]1(NC(=O)Cc2cccs2)C(=O)N2C(C(=O)O)=C(COC(N)=O)CS[C@@H]21,1,training
CON=C(C(=O)NC1C(=O)N2C(C(=O)O)=C(CSc3nc(=O)c(=O)[nH]n3C)CSC12)c1csc(N)n1,1,training
CO/N=C(/C(=O)N[C@@H]1C(=O)N2C(C(=O)[O-])=C(CSc3nc(=O)c(=O)[nH]n3C)CS[C@H]12)c1csc(N)n1,1,training
CC(=O)OCC1=C(C(=O)[O-])N2C(=O)[C@@H](NC(=O)Cc3cccs3)[C@H]2SC1,1,training
OC(O)C(Cl)(Cl)Cl,1,training
O=C(O)CCCc1ccc(N(CCCl)CCCl)cc1,1,training
O=C(N[C@H](CO)[C@H](O)c1ccc([N+](=O)[O-])cc1)C(Cl)Cl,1,training
CC(C)NC(=N)NC(=N)Nc1ccc(Cl)cc1,1,training
Cc1ncsc1CCCl,1,training
CN1C(=O)CCS(=O)(=O)C1c1ccc(Cl)cc1,1,training
CN(C)CCC(c1ccc(Cl)cc1)c1ccccn1,1,training
CN(C)CCCN1c2ccccc2Sc2ccc(Cl)cc21,1,training
CCCNC(=O)NS(=O)(=O)c1ccc(Cl)cc1,1,training
CN(C)[C@@H]1C(=O)/C(=C(\N)O)C(=O)[C@@]2(O)C(=O)C3=C(O)c4c(O)ccc(Cl)c4[C@@](C)(O)[C@H]3C[C@@H]12,1,training
Oc1nc2cc(Cl)ccc2o1,1,training
CC(C)(Oc1ccc(C(=O)c2ccc(Cl)cc2)cc1)C(=O)NCCS(=O)(=O)O,1,training
Nc1ccn(CC(CO)OCP(=O)(O)O)c(=O)n1,1,training
CC1(COc2ccc(CC3SC(=O)NC3=O)cc2)CCCCC1,1,training
CN=C(NC#N)NCCSCc1nc[nH]c1C,1,training
CCn1nc(C(=O)O)c(=O)c2cc3c(cc21)OCO3,1,training
O=C(O)c1cn(C2CC2)c2cc(N3CCNCC3)c(F)cc2c1=O,1,training
COc1cc(N)c(Cl)cc1C(=O)NC1CCN(CCCOc2ccc(F)cc2)CC1OC,1,training
Nc1nc(Cl)nc2c1ncn2[C@H]1C[C@H](O)[C@@H](CO)O1,1,training
CC[C@H]1OC(=O)[C@H](C)[C@@H](O[C@H]2C[C@@](C)(OC)[C@@H](O)[C@H](C)O2)C(C)[C@@H](O[C@@H]2O[C@H](C)C[C@H](N(C)C)[C@H]2O)[C@](C)(OC)C[C@@H](C)C(=O)[C@H](C)[C@@H](O)[C@]1(C)O,1,training
O=C(O)C1C(=CCO)OC2CC(=O)N21,1,training
CCC[C@@H]1C[C@@H](C(=O)N[C@H]([C@H](C)Cl)[C@H]2O[C@H](SC)[C@H](O)[C@@H](O)[C@H]2O)N(C)C1,1,training
CN1C(=O)CC(=O)N(c2ccccc2)c2cc(Cl)ccc21,1,training
Nc1nc(Cl)nc2c1ncn2C1OC(CO)C(O)C1F,1,training
CC(C)N=c1cc2n(-c3ccc(Cl)cc3)c3ccccc3nc-2cc1Nc1ccc(Cl)cc1,1,training
CCOC(=O)C(C)(C)Oc1ccc(Cl)cc1,1,training
CCN(CC)CCOc1ccc(/C(=C(\Cl)c2ccccc2)c2ccccc2)cc1,1,training
CN(C)CCCN1c2ccccc2CCc2ccc(Cl)cc21,1,training
Clc1cccc(Cl)c1NC1=NCCN1,1,training
COC(=O)C(c1ccccc1Cl)N1CCc2sccc2C1,1,training
CCc1cc2c(s1)N(C)C(=O)CN=C2c1ccccc1Cl,1,training
Cc1onc(-c2ccccc2Cl)c1C(=O)N[C@@H]1C(=O)N2[C@@H](C(=O)[O-])C(C)(C)S[C@H]12,1,training
CN1CCN(C2=Nc3cc(Cl)ccc3Nc3ccccc32)CC1,1,training
COC(=O)C1C(OC(=O)c2ccccc2)CC2CCC1N2C,1,training
COc1ccc2c3c1OC1C(O)C=CC4C(C2)N(C)CCC341,1,training
COc1cc(C=CC(=O)CC(=O)C=Cc2ccc(O)c(OC)c2)ccc1O,1,training
CN1CCN(C(c2ccccc2)c2ccccc2)CC1,1,training
O=P1(N(CCCl)CCCl)NCCCO1,1,training
CN1CCC(=C2c3ccccc3C=Cc3ccccc32)CC1,1,training
CC(=O)[C@@]1(O)CC[C@H]2[C@@H]3C=C(Cl)C4=CC(=O)[C@@H]5C[C@@H]5[C@]4(C)[C@H]3CC[C@@]21C,1,training
Nc1ccn(C2OC(CO)C(O)C2O)c(=O)n1,1,training
CN(C)N=Nc1[nH]cnc1C(N)=O,1,training
C#C[C@]1(O)CC[C@H]2[C@@H]3CCC4=Cc5oncc5C[C@]4(C)[C@H]3CC[C@@]21C,1,training
O=C1CN(/N=C/c2ccc(-c3ccc([N+](=O)[O-])cc3)o2)C(=O)N1,1,training
Nc1ccc(S(=O)(=O)c2ccc(N)cc2)cc1,1,training
COc1cccc2c1C(=O)c1c(O)c3c(c(O)c1C2=O)CC(O)(C(C)=O)CC3OC1CC(N)C(O)C(C)O1,1,training
Nc1ncn(C2CC(O)C(CO)O2)c(=O)n1,1,training
O=C(O)c1ccc(-n2nc(-c3ccccc3O)nc2-c2ccccc2O)cc1,1,training
CC(=O)N(O)CCCCCNC(=O)CCC(=O)N(O)CCCCCNC(=O)CCC(=O)N(O)CCCCCN,1,training
CN(CCCCCCCCCCN(C)C(=O)Oc1cccc([N+](C)(C)C)c1)C(=O)Oc1cccc([N+](C)(C)C)c1,1,training
CN(C)[C@@H]1C(=O)/C(=C(\N)O)C(=O)[C@@]2(O)C(=O)C3=C(O)c4c(O)ccc(Cl)c4[C@@H](O)[C@H]3C[C@@H]12,1,training
FC(F)OC(F)C(F)(F)F,1,training
C#CC1(O)CCC2C3CCC4=CCCCC4C3C(=C)CC21CC,1,training
C[C@@H]1C[C@H]2[C@@H]3CCC4=CC(=O)C=C[C@]4(C)[C@@]3(F)[C@@H](O)C[C@]2(C)[C@@]1(O)C(=O)CO,1,training
COc1ccc2c(c1)C13CCCCC1C(C2)N(C)CC3,1,training
N[C@H]1C(O)O[C@H](CO)[C@H](O)[C@@H]1O,1,training
CN1C(=O)CN=C(c2ccccc2)c2cc(Cl)ccc21,1,training
CC1=Nc2ccc(Cl)cc2S(=O)(O)=N1,1,training
ClCCCl,1,training
CN(C)C(=O)Nc1ccc(Cl)c(Cl)c1,1,training
O=C(O)Cc1ccccc1Nc1c(Cl)cccc1Cl,1,training
O=c1c(Cc2c(O)oc3ccccc3c2=O)c(O)oc2ccccc12,1,training
CCN(CC)C(=O)N1CCN(C)CC1,1,training
CCCCC(CC)COC(=O)c1ccccc1C(=O)OCC(CC)CCCC,1,training
O=C(O)c1cc(-c2ccc(F)cc2F)ccc1O,1,training
CCCCC(F)F,1,training
N=c1[nH][nH]c(=N)c2ccccc12,1,training
C[C@H](CCc1ccccc1)NC[C@H](O)c1ccc(O)c(C(N)=O)c1,1,training
COc1ccc(C2Sc3ccccc3N(CCN(C)C)C(=O)C2OC(C)=O)cc1,1,training
OCC(S)CS,1,training
CN(C)N=O,1,training
CCCCCOC(=O)c1ccccc1C(=O)OCCCCC,1,training
OCCN(CCO)c1nc(N2CCCCC2)c2nc(N(CCO)CCO)nc(N3CCCCC3)c2n1,1,training
Cc1c(N(C)CS(=O)(=O)O)c(=O)n(-c2ccccc2)n1C,1,training
c1cc[n+]2c(c1)-c1cccc[n+]1CC2,1,training
C=CC=CC(C)C(OC(N)=O)C(C)C(O)C(C)CC(C)=CC(C)C(O)C(C)C=CC(O)CC1OC(=O)C(C)C(O)C1C,1,training
CC(C)N(CCC(C(N)=O)(c1ccccc1)c1ccccn1)C(C)C,1,training
CCN(CC)C(=S)SSC(=S)N(CC)CC,1,training
CC(CCc1ccc(O)cc1)NCCc1ccc(O)c(O)c1,1,training
CCC=CCC=CCC=CCC=CCC=CCC=CCCC(=O)O,1,training
NCCc1ccc(O)c(O)c1,1,training
CCN1CC(CCN2CCOCC2)C(c2ccccc2)(c2ccccc2)C1=O,1,training
CN(C)CCC=C1c2ccccc2COc2ccccc21,1,training
CC1OC(C2C=C(F)C(=O)NC2=O)C(O)C1O,1,training
COc1cccc2c1C(=O)c1c(O)c3c(c(O)c1C2=O)C[C@@](O)(C(=O)CO)C[C@@H]3O[C@H]1C[C@H](N)[C@H](O)[C@H](C)O1,1,training
C[C@H]1c2cccc(O)c2C(O)=C2C(=O)[C@]3(O)C(=O)/C(=C(/N)O)C(=O)[C@@H](N(C)C)[C@@H]3[C@@H](O)[C@@H]21,1,training
CNCCC(Oc1cccc2ccccc12)c1cccs1,1,training
CC(=O)C1CCC2C3C=CC4=CC(=O)CCC4(C)C3CCC12C,1,training
COc1cc2c(cc1O)CCNC21CSC2c3c(OC(C)=O)c(C)c4c(c3C(COC1=O)N1C(O)C3Cc5cc(C)c(OC)c(O)c5C(C21)N3C)OCO4,1,training
CCC=CCC=CCC=CCC=CCC=CCCCC(=O)O,1,training
CCOC(=O)C(CCc1ccccc1)NC(C)C(=O)N1CCCC1C(=O)O,1,training
CC(NC(CCc1ccccc1)C(=O)O)C(=O)N1CCCC1C(=O)O,1,training
FC(F)OC(F)(F)C(F)Cl,1,training
CCn1cc(C(=O)O)c(=O)c2cc(F)c(N3CCNCC3)nc21,1,training
CC1(C(=O)O)CCC2(C)CCC3(C)C(=CC(=O)C4C5(C)CCC(O)C(C)(C)C5CCC43C)C2C1,1,training
CCN(CC)C(=O)/C(C#N)=C/c1cc(O)c(O)c([N+](=O)[O-])c1,1,training
C=C1C(CO)C(O)CC1n1cnc2c(=O)nc(N)[nH]c21,1,training
CNC(C)C(O)c1ccccc1,1,training
CNCC(O)c1ccc(O)c(O)c1,1,training
CN1CC(C(=O)NC2(C)OC3(O)C4CCCN4C(=O)C(Cc4ccccc4)N3C2=O)C=C2c3cccc4[nH]cc(c34)CC21,1,training
CCC1OC(=O)C(C)C(OC2CC(C)(OC)C(O)C(C)O2)C(C)C(OC2OC(C)CC(N(C)C)C2O)C(C)(O)CC(C)C(=O)C(C)C(O)C1(C)O,1,training
CCC1OC(=O)C(C)C(OC2CC(C)(OC)C(O)C(C)O2)C(C)C(OC2OC(C)CC(N(C)C)C2OC(C)=O)C(C)(O)CC(C)C(=O)C(C)C(O)C1(C)O,1,training
CCC1OC(=O)C(C)C(OC2CC(C)(OC)C(O)C(C)O2)CC(OC2OC(C)CC(N(C)C)C2O)C(C)(O)CC(C)C(=O)C(C)CC1(C)O,1,training
CCC(=O)OC1C(OC2C(C)C(OC3CC(C)(OC)C(O)C(C)O3)C(C)C(=O)OC(CC)C(C)(O)C(O)C(C)C(=O)C(C)CC2(C)O)OC(C)CC1N(C)C,1,training
CC12CCC3c4ccc(OC(=O)N(CCCl)CCCl)cc4CCC3C1CCC2O,1,training
C[C@]12CC[C@@H]3c4ccc(O)cc4CC[C@H]3[C@@H]1CCC2=O,1,training
CS(=O)(=O)OCCOS(C)(=O)=O,1,training
CCO,1,training
C#C[C@]1(O)CC[C@H]2[C@@H]3CCc4cc(O)ccc4[C@H]3CC[C@@]21C,1,training
CCc1cc(C(N)=S)ccn1,1,training
CCSCC[C@H](N)C(=O)O,1,training
CCC1(C)CC(=O)NC1=O,1,training
OCCO,1,training
C#C[C@]1(OC(C)=O)CC[C@H]2[C@@H]3CCC4=C[C@@H](OC(C)=O)CC[C@@H]4[C@H]3CC[C@@]21C,1,training
CCc1cccc2c3c([nH]c12)C(CC)(CC(=O)O)OCC3,1,training
CCOC(=O)C1(CCCCCCOc2ccc(Cl)cc2)CO1,1,training
COc1cc([C@@H]2c3cc4c(cc3C(O[C@@H]3O[C@@H]5CO[C@@H](C)O[C@H]5[C@H](O)[C@H]3O)C3COC(=O)[C@@H]32)OCO4)cc(OC)c1O,1,training
CCOC(=O)C=C(C)C=CC=C(C)C=Cc1c(C)cc(OC)c(C)c1C,1,training
O=C1C(CCC(O)c2ccc(F)cc2)C(c2ccc(O)cc2)N1c1ccc(F)cc1,1,training
CC(=O)OCC(CCn1cnc2cnc(N)nc21)COC(C)=O,1,training
O=S(=O)(c1cccc2cnccc12)N1CCCNCC1,1,training
N#CC(C#N)=NNc1ccc(OC(F)(F)F)cc1,1,training
NC(=O)OCC(COC(N)=O)c1ccccc1,1,training
CCOC(=O)C1=C(C)NC(C)=C(C(=O)OC)C1c1cccc(Cl)c1Cl,1,training
CC(C)OC(=O)C(C)(C)Oc1ccc(C(=O)c2ccc(Cl)cc2)cc1,1,training
CC(Cc1ccc(O)cc1)NCC(O)c1cc(O)cc(O)c1,1,training
CC(C=CC1=C(C)CCCC1(C)C)=CC=CC(C)=CC(=O)Nc1ccc(O)cc1,1,training
CCC(=O)N(c1ccccc1)C1CCN(CCc2ccccc2)CC1,1,training
O=C(COc1ccc(Cl)cc1)N1CCN(Cc2ccc3c(c2)OCO3)CC1,1,training
O=C(NCC1CCCCN1)c1cc(OCC(F)(F)F)ccc1OCC(F)(F)F,1,training
O=c1[nH]c(=O)n([C@H]2C[C@H](O)[C@@H](CO)O2)cc1F,1,training
Cc1onc(-c2c(F)cccc2Cl)c1C(=O)NC1C(=O)N2C1SC(C)(C)C2C(=O)O,1,training
N=c1[nH]c(O)ncc1F,1,training
Nc1nc(F)nc2c1ncn2C1OC(COP(=O)(O)O)C(O)C1O,1,training
CCOC(=O)c1ncn2c1CN(C)C(=O)c1cc(F)ccc1-2,1,training
O=c1[nH]cc(F)c(=O)[nH]1,1,training
CC(C(=O)O)c1ccc(-c2ccccc2)c(F)c1,1,training
O=C1NCN(c2ccccc2)C12CCN(CCCC(c1ccc(F)cc1)c1ccc(F)cc1)CC2,1,training
CC(C)C(=O)Nc1ccc([N+](=O)[O-])c(C(F)(F)F)c1,1,training
CC(C)n1c(/C=C/[C@H](O)C[C@H](O)CC(=O)[O-])c(-c2ccc(F)cc2)c2ccccc21,1,training
COCCCC/C(=N\OCCN)c1ccc(C(F)(F)F)cc1,1,training
Cc1cn[nH]c1,1,training
O=C(O)P(=O)(O)O,1,training
CCC(=O)OC(OP(=O)(CCCCc1ccccc1)CC(=O)N1CC(C2CCCCC2)CC1C(=O)O)C(C)C,1,training
OCC1OC(O)(CO)C(O)C1O,1,training
O=P(O)(O)OCC1OC(O)(COP(=O)(O)O)C(O)C1O,1,training
CCCCCCCCc1ccc(CCC(N)(CO)CO)cc1,1,training
O=C1OCCN1/N=C/c1ccc([N+](=O)[O-])o1,1,training
NS(=O)(=O)c1cc(C(=O)O)c(NCc2ccco2)cc1Cl,1,training
O=C(O)CN(CCN(CC(=O)O)CC(=O)O)CCN(CC(=O)O)C(COCc1ccccc1)C(=O)O,1,training
Nc1nc(=O)c2ncn(COC(CO)CO)c2[nH]1,1,training
COc1c(N2CCNC(C)C2)c(F)cc2c(=O)c(C(=O)O)cn(C3CC3)c12,1,training
COc1cc2ncnc(Nc3ccc(F)c(Cl)c3)c2cc1OCCCN1CCOCC1,1,training
Cc1ccc(C)c(OCCCC(C)(C)C(=O)O)c1,1,training
CC1(C)CC(=O)N(CCCCN2CCN(c3ncccn3)CC2)C(=O)C1,1,training
C#CC1(O)C=CC2C3CCC4=CC(=O)CCC4C3CCC21CC,1,training
Cc1ccc(S(=O)(=O)NC(=O)NN2CC3CCCC3C2)cc1,1,training
OCC1OC(O)C(O)C(O)C1O,1,training
NC(=O)CCC(N)C(=O)O,1,training
CCC1(c2ccccc2)CCC(=O)NC1=O,1,training
OCC(O)CO,1,training
Cc1cc2c(C(C)C)c(O)c(O)c(C=O)c2c(O)c1-c1c(C)cc2c(C(C)C)c(O)c(O)c(C=O)c2c1O,1,training
Cc1c(F)c(N2CCNC(C)C2)cc2c1c(=O)c(C(=O)O)cn2C1CC1,1,training
COC1=CC(=O)C[C@@H](C)[C@]12Oc1c(Cl)c(OC)cc(OC)c1C2=O,1,training
N=C(N)N,1,training
O=C(CC1NCCCC1O)Cn1cnc2cc(Br)c(Cl)cc2c1=O,1,training
O=C(CCCN1CCC(O)(c2ccc(Cl)cc2)CC1)c1ccc(F)cc1,1,training
FC(F)(F)C(Cl)Br,1,training
CC(=O)NC1C(O)OC(CO)C(O)C1OC1OC(C(=O)O)C(OC2OC(CO)C(O)C(OC3OC(C(=O)O)C(O)C(O)C3O)C2NC(C)=O)C(O)C1O,1,training
CCN(CC)CCNc1ccc(CO)c2sc3ccccc3c(=O)c12,1,training
NNc1nncc2ccccc12,1,training
Oc1ccc(O)cc1,1,training
NC(=O)NO,1,training
OCCOCCN1CCN(C(c2ccccc2)c2ccc(Cl)cc2)CC1,1,training
CN1[C@H]2CC[C@@H]1C[C@H](OC(=O)[C@H](CO)c1ccccc1)C2,1,training
CC(C)Cc1ccc(CC(=O)O)cc1,1,training
O=c1[nH]c(=O)n([C@H]2C[C@H](O)[C@@H](CO)O2)cc1I,1,training
O=P1(NCCCl)OCCCN1CCCl,1,training
C#CC1(O)CCC2C3CCC4=CC(=O)CCC4C3C(=C)CC21CC,1,training
CC1(c2ccccc2)Cc2cc(OCC(=O)O)c(Cl)c(Cl)c2C1=O,1,training
CC(C)(C)NC(=O)C1CN(Cc2cccnc2)CCN1CC(O)CC(Cc1ccccc1)C(=O)NC1c2ccccc2CC1O,1,training
COc1ccc2c(c1)c(CC(=O)O)c(C)n2C(=O)c1ccc(Cl)cc1,1,training
OC1C(O)C(O)C(O)C(O)C1O,1,training
Cc1cnc(NCCCN(C)C)c2c1[nH]c1ccc3cc(O)ccc3c12,1,training
CC(O)C(=O)Nc1c(I)c(C(=O)NC(CO)CO)c(I)c(C(=O)NC(CO)CO)c1I,1,training
CC(C)NNC(=O)c1ccncc1,1,training
CCCCC1=NC2(CCCC2)C(=O)N1Cc1ccc(-c2ccccc2-c2nn[nH]n2)cc1,1,training
CCc1c2c(nc3ccc(OC(=O)N4CCC(N5CCCCC5)CC4)cc13)-c1cc3c(c(=O)n1C2)COC(=O)C3(O)CC,1,training
CC(C)Nc1ncccn1,1,training
O=[N+]([O-])O[C@@H]1CO[C@@H]2[C@@H](O)CO[C@H]12,1,training
CC1=C(/C=C/C(C)=C/C=C/C(C)=C\C(=O)O)C(C)(C)CCC1,1,training
COC(=O)C1=C(C)NC(C)=C(C(=O)OC(C)C)C1c1cccc2nonc12,1,training
CCC(C)n1ncn(-c2ccc(N3CCN(c4ccc(OCC5COC(Cn6cncn6)(c6ccc(Cl)cc6Cl)O5)cc4)CC3)cc2)c1=O,1,training
CC(=Cc1csc(C)n1)C1CC2OC2(C)CCCC(C)C(O)C(C)C(=O)C(C)(C)C(O)CC(=O)N1,1,training
O=C(c1ccc(F)cc1)C1CCN(CCn2c(=O)[nH]c3ccccc3c2=O)CC1,1,training
O=C(c1ccccc1)c1ccc2n1CC[C@H]2C(=O)O,1,training
NC(Cc1ccc(O)c(O)c1)C(=O)O,1,training
CC(O)C(=O)O,1,training
OCC1OC(OC2C(CO)OC(O)(CO)C2O)C(O)C(O)C1O,1,training
CS(=O)(=O)CCNCc1ccc(-c2ccc3ncnc(Nc4ccc(OCc5cccc(F)c5)c(Cl)c4)c3c2)o1,1,training
C[N+](C)(C)CCOP(=O)(O)OCC(COC=O)OC=O,1,training
Cc1oncc1C(=O)Nc1ccc(C(F)(F)F)cc1,1,training
Nc1nc(=O)c2c([nH]1)NCC(CNc1ccc(C(=O)NC(CCC(=O)O)C(=O)O)cc1)N2C=O,1,training
c1ccc(C2CN3CCSC3=N2)cc1,1,training
CC1COc2c(N3CCN(C)CC3)c(F)cc3c(=O)c(C(=O)O)cn1c23,1,training
C#CC1(O)CCC2C3CCC4=CC(=O)CCC4C3CCC21CC,1,training
CCN(CC)CC(=O)Nc1c(C)cccc1C,1,training
NCCCCC(NC(CCc1ccccc1)C(=O)O)C(=O)N1CCCC1C(=O)O,1,training
C[C@H](CCC(=O)O)[C@H]1CC[C@H]2[C@@H]3CC[C@@H]4C[C@H](O)CC[C@]4(C)[C@H]3CC[C@@]21C,1,training
CN(CCCN1c2ccccc2CCc2ccccc21)CC(=O)c1ccc(Cl)cc1,1,training
CCn1cc(C(=O)O)c(=O)c2cc(F)c(N3CCNC(C)C3)c(F)c21,1,training
O=NN(CCCl)C(=O)NC1CCCCC1,1,training
CN1C(C(=O)Nc2ccccn2)=C(O)c2sc(Cl)cc2S1(=O)=O,1,training
CCCCc1nc(Cl)c(CO)n1Cc1ccc(-c2ccccc2-c2nn[nH]n2)cc1,1,training
CC[C@H](C)C(=O)O[C@H]1C[C@@H](C)C=C2C=C[C@H](C)[C@H](CC[C@@H]3C[C@@H](O)CC(=O)O3)[C@H]21,1,training
CN1CCN(C2=Nc3ccccc3Oc3ccc(Cl)cc32)CC1,1,training
Cc1ccc(Nc2c(F)cccc2Cl)c(CC(=O)O)c1,1,training
CC(C)OC(=O)C(C(=O)OC(C)C)=C1SC=CS1,1,training
Cc1ncc(COP(=O)(O)O)c(CN(CCN(CC(=O)O)Cc2c(COP(=O)(O)O)cnc(C)c2O)CC(=O)O)c1O,1,training
OC[C@@H](O)[C@@H](O)[C@H](O)[C@H](O)CO,1,training
COC(=O)Nc1nc2ccc(C(=O)c3ccccc3)cc2[nH]1,1,training
Cc1ccc(Cl)c(Nc2ccccc2C(=O)O)c1Cl,1,training
CC1CCCC(C(C)C2CNCN2)C1C,1,training
OC(c1cc(C(F)(F)F)nc2c(C(F)(F)F)cccc12)C1CCCCN1,1,training
Cc1cnc(/N=C(\O)C2=C(O)c3ccccc3S(=O)(=O)N2C)s1,1,training
NC(Cc1ccc(N(CCCl)CCCl)cc1)C(=O)O,1,training
CC1=CC(=O)c2ccccc2C1=O,1,training
CCC1(c2ccccc2)C(=O)NC(=O)N(C)C1=O,1,training
C[C@@H](O)[C@H]1C(=O)N2C(C(=O)O)=C(S[C@@H]3CN[C@H](C(=O)N(C)C)C3)[C@H](C)[C@H]12,1,training
CN1CCCCC1CCN1c2ccccc2Sc2ccc(S(C)=O)cc21,1,training
C#C[C@]1(O)CC[C@H]2[C@@H]3CCc4cc(OC)ccc4[C@H]3CC[C@@]21C,1,training
CC(C)NCC(O)c1cc(O)cc(O)c1,1,training
CN(C)C(=N)N=C(N)N,1,training
C=C1c2cccc(O)c2C(O)=C2C(=O)[C@]3(O)C(=O)/C(=C(/N)O)C(=O)[C@@H](N(C)C)[C@@H]3[C@@H](O)[C@H]12,1,training
CCC(=O)C(CC(C)N(C)C)(c1ccccc1)c1ccccc1,1,training
CNC(C)Cc1ccccc1,1,training
CN(C)CCN(Cc1cccs1)c1ccccn1,1,training
COc1cccc(OC)c1C(=O)N[C@@H]1C(=O)N2C1SC(C)(C)C2C(=O)[O-],1,training
CSCCC(N)C(=O)O,1,training
CN(Cc1cnc2nc(N)nc(N)c2n1)c1ccc(C(=O)N[C@@H](CCC(=O)O)C(=O)O)cc1,1,training
COc1c2occc2cc2ccc(=O)oc12,1,training
COCC(=O)O,1,training
COC(F)(F)C(Cl)Cl,1,training
COC(=O)C(c1ccccc1)C1CCCCN1,1,training
CC1CC2C(C(O)CC3(C)C2CCC3(O)C(=O)CO)C2(C)C=CC(=O)C=C12,1,training
CC12CCC(=O)C=C1CCC1C2CCC2(C)C1CCC2(C)O,1,training
CCN(CC)CCNC(=O)c1cc(Cl)c(N)cc1OC,1,training
Cc1ccccc1N1C(=O)c2cc(S(N)(=O)=O)c(Cl)cc2NC1C,1,training
Cc1ncc([N+](=O)[O-])n1CCO,1,training
CC(C)(C(=O)c1cccnc1)c1cccnc1,1,training
CC1(C)S[C@@H]2[C@H](NC(=O)[C@H](NC(=O)N3CCN(S(C)(=O)=O)C3=O)c3ccccc3)C(=O)N2[C@H]1C(=O)O,1,training
CN1CCN2c3ccccc3Cc3ccccc3C2C1,1,training
Clc1ccc(COC(Cn2ccnc2)c2ccc(Cl)cc2Cl)c(Cl)c1,1,training
CCCCCCCCCCCCCCCCOP(=O)(O)OCC[N+](C)(C)C,1,training
CN(C)c1ccc(O)c2c1C[C@H]1C[C@H]3[C@H](N(C)C)C(O)=C(C(N)=O)C(=O)[C@@]3(O)C(O)=C1C2=O,1,training
Nc1cc(N2CCCCC2)nc(N)[n+]1[O-],1,training
CN1CCN2c3ncccc3Cc3ccccc3C2C1,1,training
COC12C(COC(N)=O)C3=C(C(=O)C(C)=C(N)C3=O)N1CC1NC12,1,training
Clc1ccc(C(c2ccccc2Cl)C(Cl)Cl)cc1,1,training
CN(c1nccc(=O)[nH]1)C1CCN(c2nc3ccccc3n2Cc2ccc(F)cc2)CC1,1,training
NC(=O)CS(=O)C(c1ccccc1)c1ccccc1,1,training
CCc1c(C)[nH]c2c1C(=O)C(CN1CCOCC1)CC2,1,training
CCOC(=O)Nc1c[n+](N2CCOCC2)no1,1,training
C[C@H]1C(=O)O[C@@H]2CCn3ccc(c32)COC(=O)[C@](C)(O)[C@]1(C)O,1,training
CC(C)(O)c1ccccc1CC[C@@H](SCC1(CC(=O)O)CC1)c1cccc(/C=C/c2ccc3ccc(Cl)cc3n2)c1,1,training
O=C(NCN1CCOCC1)c1cnccn1,1,training
CN1CCC23c4c5ccc(O)c4OC2C(O)C=CC3C1C5,1,training
COC1(NC(=O)C(C(=O)O)c2ccc(O)cc2)C(=O)N2C(C(=O)O)=C(CSc3nnnn3C)COC21,1,training
COc1c(N2CC3CCCNC3C2)c(F)cc2c(=O)c(C(=O)O)cn(C3CC3)c12,1,training
CC(=O)Oc1cc(C(C)C)c(OCCN(C)C)cc1C,1,training
CC(c1ccc(Cl)c(Cl)c1)N1N=C(N)CC1=O,1,training
CC(C)(C)NCC(O)COc1cccc2c1C[C@H](O)[C@H](O)C2,1,training
CCn1cc(C(=O)O)c(=O)c2ccc(C)nc21,1,training
O=C1CC[C@@]2(O)[C@H]3Cc4ccc(O)c5c4[C@@]2(CCN3CC2CC2)[C@H]1O5,1,training
COc1ccc2cc(C(C)C(=O)O)ccc2c1,1,training
CCc1nn(CCCN2CCN(c3cccc(Cl)c3)CC2)c(=O)n1CCOc1ccccc1,1,training
Cc1c(O)cccc1C(=O)NC(CSc1ccccc1)C(O)CN1CC2CCCCC2CC1C(=O)NC(C)(C)C,1,training
Cc1ccnc2c1NC(=O)c1cccnc1N2C1CC1,1,training
NC(=O)c1cccnc1,1,training
CN1CCCC1c1cccnc1,1,training
COC(=O)C1=C(C)NC(C)=C(C(=O)OC)C1c1ccccc1[N+](=O)[O-],1,training
O=C1CN(CCc2ccc([N+](=O)[O-])o2)C(=O)N1CO,1,training
CC1(C)NC(=O)N(c2ccc([N+](=O)[O-])c(C(F)(F)F)c2)C1=O,1,training
CS(=O)(=O)Nc1ccc([N+](=O)[O-])cc1Oc1ccccc1,1,training
COC(=O)C1=C(C)NC(C)=C(C(=O)OCC(C)C)C1c1ccccc1[N+](=O)[O-],1,training
O=C1CN(/N=C/c2ccc([N+](=O)[O-])o2)C(=O)N1,1,training
O=[N+]([O-])OCC(CO[N+](=O)[O-])O[N+](=O)[O-],1,training
CNC(=C[N+](=O)[O-])NCCSCc1csc(CN(C)C)n1,1,training
CNCC(O)C(O)C(O)C(O)CO,1,training
NCC(O)c1ccc(O)c(O)c1,1,training
CCn1cc(C(=O)O)c(=O)c2cc(F)c(N3CCNCC3)cc21,1,training
C#C[C@]1(O)CC[C@H]2[C@@H]3CCC4=CC(=O)CC[C@@H]4[C@H]3CC[C@@]21CC,1,training
CO[C@@H]1[C@@H](OC(N)=O)[C@@H](O)[C@H](Oc2ccc3c(O)c(NC(=O)c4ccc(O)c(CC=C(C)C)c4)c(=O)oc3c2C)OC1(C)C,1,training
CCCCC(CC)COC(=O)/C=C/c1ccc(OC)cc1,1,training
Cc1cc2c(s1)Nc1ccccc1N=C2N1CCN(C)CC1,1,training
COc1ccc2[nH]c(S(=O)Cc3ncc(C)c(OC)c3C)nc2c1,1,training
Cc1nccn1CC1CCc2c(c3ccccc3n2C)C1=O,1,training
CCCCCCCCCCCC(CC1OC(=O)C1CCCCCC)OC(=O)C(CC(C)C)NC=O,1,training
CC1=C(CC(=O)NCc2ccccc2)c2cc(F)ccc2C1=Cc1ccncc1,1,training
NC1CCCCC1N,1,training
O=C(O)CCc1nc(-c2ccccc2)c(-c2ccccc2)o1,1,training
O=C1Nc2ccc(Cl)cc2C(c2ccccc2)=NC1O,1,training
CCCOc1ccc2nc(NC(=O)OC)[nH]c2c1,1,training
CC12CC(=CO)C(=O)CC1CCC1C2CCC2(C)C1CCC2(C)O,1,training
CN1CCC23c4c5ccc(O)c4OC2C(=O)CCC3(O)C1C5,1,training
CC(=O)Oc1ccc(C2(c3ccc(OC(C)=O)cc3)C(=O)Nc3ccccc32)cc1,1,training
Oc1cccc2ccc[nH+]c12,1,training
NCCC(O)(P(=O)(O)O)P(=O)(O)O,1,training
COC1CCNC(CS(=O)C2[N]C3CCC(OC(F)F)CC3N2)C1OC,1,training
C[n+]1ccc(-c2cc[n+](C)cc2)cc1,1,training
Oc1ccc(Br)cc1,1,training
NC1=NC(=O)C(c2ccccc2)O1,1,training
Nc1nc(=O)c2ncn(CCC(CO)CO)c2[nH]1,1,training
CC(C)(S)C(N)C(=O)O,1,training
CCCC(C)C1(CC)C(=O)NC(=O)NC1=O,1,training
CC(=O)CCCCn1c(=O)c2c(ncn2C)n(C)c1=O,1,training
FC(F)(F)C(F)(F)C(F)(F)C(F)(F)C(F)(F)C(F)(F)C(F)(F)C(F)(F)Br,1,training
C1CCC(C(CC2CCCCN2)C2CCCCC2)CC1,1,training
CCCC(NC(C)C(=O)N1C(C(=O)O)CC2CCCCC21)C(=O)OCC,1,training
Nc1ccc(N=Nc2ccccc2)c(N)n1,1,training
NNCCc1ccccc1,1,training
CCC1(c2ccccc2)C(=O)NC(=O)NC1=O,1,training
c1ccc2c(c1)Nc1ccccc1S2,1,training
Cc1ccc(N(CC2=NCCN2)c2cccc(O)c2)cc1,1,training
CCCCC1C(=O)N(c2ccccc2)N(c2ccccc2)C1=O,1,training
CNCC(O)c1cccc(O)c1,1,training
S=C=Nc1ccccc1,1,training
OC(CNc1ccccn1)c1ccccc1,1,training
O=C1NC(=O)C(c2ccccc2)(c2ccccc2)N1,1,training
O=S(=O)(O)Oc1ccc(C(c2ccc(OS(=O)(=O)O)cc2)c2ccccn2)cc1,1,training
O=c1[nH]c2ccccc2n1C1CCN(CCCC(c2ccc(F)cc2)c2ccc(F)cc2)CC1,1,training
CCn1cc(C(=O)O)c(=O)c2cnc(N3CCNCC3)nc21,1,training
COC1CCC(OC)C(CC2C[N]C3NC(N)[N]C(N)C3C2C)C1,1,training
CN1C(C(=O)Nc2ccccn2)=C(O)c2ccccc2S1(=O)=O,1,training
CC(C(=O)O)c1ccc(N2CC=CC2)c(Cl)c1,1,training
O=C(O)CC(O)CC(O)C=Cc1c(C2CC2)nc2ccccc2c1-c1ccc(F)cc1,1,training
CN1CCC(=C2c3ccccc3CCc3sccc32)CC1,1,training
OCCOCCOCCOCCOCCOCCOCCOCCOCCO,1,training
CC1(C)SC2C(NC(=O)Cc3ccccc3)C(=O)N2C1C(=O)[O-],1,training
CC12CCC3C(CC=C4CC(O)CCC43C)C1CCC2=O,1,training
CCC(C)C(=O)OC1CC(O)C=C2C=CC(C)C(CCC(O)CC(O)CC(=O)O)C21,1,training
COc1cc2nc(N3CCN(C(=O)c4ccco4)CC3)nc(N)c2cc1OC,1,training
CC12C=CC(=O)C=C1CCC1C2C(O)CC2(C)C1CCC2(O)C(=O)CO,1,training
CCC1(c2ccccc2)C(=O)NCNC1=O,1,training
CCCN(CCC)S(=O)(=O)c1ccc(C(=O)O)cc1,1,training
CCN(CC)CCNC(=O)c1ccc(N)cc1,1,training
CC(=O)[C@H]1CC[C@H]2[C@@H]3CCC4=CC(=O)CC[C@]4(C)[C@H]3CC[C@]12C,1,training
CC(C)c1cccc(C(C)C)c1O,1,training
CCC(=O)OC(Cc1ccccc1)(c1ccccc1)C(C)CN(C)C,1,training
CC(C)NCC(O)COc1cccc2ccccc12,1,training
CCCc1cc(=O)[nH]c(=S)[nH]1,1,training
CCCCCC(O)C=CC1C(O)CC(=O)C1CC=CCCCC(=O)O,1,training
CCCCCC(O)C=CC1C(O)CC(O)C1CC=CCCCC(=O)O,1,training
CCCc1cc(C(N)=S)ccn1,1,training
NC(=O)c1cnccn1,1,training
CNC(=O)OCc1cccc(COC(=O)NC)n1,1,training
CCN(CC)CCCC(C)NC1C2CCC(Cl)CC2NC2CCC(OC)CC21,1,training
CCOC(=O)[C@H](CCc1ccccc1)N[C@@H](C)C(=O)N1Cc2ccccc2C[C@H]1C(=O)O,1,training
C=C[C@H]1CN2CC[C@H]1C[C@@H]2[C@@H](O)c1ccnc2ccc(OC)cc12,1,training
C=C[C@H]1CN2CCC1C[C@H]2[C@H](O)c1ccnc2ccc(OC)cc12,1,training
Cc1nc(=O)c2cc(CN(C)c3ccc(C(=O)NC(CCC(=O)O)C(=O)O)s3)ccc2[nH]1,1,training
CCOC(=O)C(CCc1ccccc1)NC(C)C(=O)N1C(C(=O)O)CC2CCCC21,1,training
CC1=C(/C=C/C(C)=C/C=C/C(C)=C/C(=O)O)C(C)(C)CCC1,1,training
CCCCCCCCCCCCCCCC(=O)OC/C=C(C)/C=C/C=C(C)/C=C/C1=C(C)CCCC1(C)C,1,training
NC(=O)c1ncn([C@@H]2O[C@H](CO)[C@@H](O)[C@H]2O)n1,1,training
Cc1cc2nc3c(=O)[nH]c(=O)nc-3n(CC(O)C(O)C(O)CO)c2cc1C,1,training
Nc1nc2ccc(OC(F)(F)F)cc2s1,1,training
Cc1nc2n(c(=O)c1CCN1CCC(c3noc4cc(F)ccc34)CC1)CCCC2,1,training
CC(C)c1nc(CN(C)C(=O)N[C@H](C(=O)N[C@@H](Cc2ccccc2)C[C@H](O)[C@H](Cc2ccccc2)NC(=O)OCc2cncs2)C(C)C)cs1,1,training
CS(=O)(=O)c1ccc(C2=C(c3ccccc3)C(=O)OC2)cc1,1,training
C=C(C)[C@H]1Cc2c(ccc3c2O[C@@H]2COc4cc(OC)c(OC)cc4[C@@H]2C3=O)O1,1,training
CCC1(O)C(=O)OCc2c1cc1n(c2=O)Cc2cc3c([N+](=O)[O-])cccc3nc2-1,1,training
NC(=O)c1ccccc1O,1,training
CC(C)(C)NC(=O)[C@@H]1C[C@@H]2CCCC[C@@H]2CN1C[C@@H](O)[C@H](Cc1ccccc1)NC(=O)[C@H](CC(N)=O)NC(=O)c1ccc2ccccc2n1,1,training
C#CCN(C)C(C)Cc1ccccc1,1,training
CN[C@H]1CC[C@@H](c2ccc(Cl)c(Cl)c2)c2ccccc21,1,training
FCOC(C(F)(F)F)C(F)(F)F,1,training
CC(C)CC(N(C)C)C1(c2ccc(Cl)cc2)CCC1,1,training
COc1cc(C2Oc3cc(C4Oc5cc(O)cc(O)c5C(=O)C4O)ccc3OC2CO)ccc1O,1,training
CCC(C)(C)C(=O)O[C@H]1C[C@@H](C)C=C2C=C[C@H](C)[C@H](CC[C@@H]3C[C@@H](O)CC(=O)O3)[C@H]21,1,training
Cc1cc2c(cc1CC(=O)c1sccc1S(=O)(=O)Nc1onc(C)c1Cl)OCO2,1,training
O=C(O)CCCc1ccccc1,1,training
CC1CN(c2c(F)c(N)c3c(=O)c(C(=O)O)cn(C4CC4)c3c2F)CC(C)N1,1,training
CC(=O)S[C@@H]1CC2=CC(=O)CC[C@]2(C)[C@H]2CC[C@@]3(C)[C@@H](CC[C@@]34CCC(=O)O4)[C@@H]21,1,training
Cc1cn([C@H]2C=C[C@@H](CO)O2)c(=O)[nH]c1=O,1,training
CNC1C(OC2C(OC3C(O)C(O)C(NC(=N)N)C(O)C3NC(=N)N)OC(C)C2(O)C=O)OC(CO)C(O)C1O,1,training
O=C(CCCCCCC(=O)Nc1ccccc1)NO,1,training
CN1C(C(=O)Nc2nccs2)=C(O)c2ccccc2S1(=O)=O,1,training
CC1(C)C(C(=O)O)N2C(=O)CC2S1(=O)=O,1,training
Nc1ccc(S(=O)(=O)Nc2ncccn2)cc1,1,training
COc1cc(NS(=O)(=O)c2ccc(N)cc2)nc(OC)n1,1,training
COc1cnc(NS(=O)(=O)c2ccc(N)cc2)nc1,1,training
Cc1cc(C)nc(NS(=O)(=O)c2ccc(N)cc2)n1,1,training
Cc1nnc(NS(=O)(=O)c2ccc(N)cc2)s1,1,training
Cc1cc(NS(=O)(=O)c2ccc(N)cc2)no1,1,training
Nc1ccc(S(N)(=O)=O)cc1,1,training
Nc1ccc(S(=O)(=O)Nc2ccnn2-c2ccccc2)cc1,1,training
O=C1C(CCS(=O)c2ccccc2)C(=O)N(c2ccccc2)N1c1ccccc1,1,training
CC1=C(CC(=O)O)c2cc(F)ccc2/C1=C\c1ccc(S(C)=O)cc1,1,training
CC1=C(CC(=O)O)c2cc(F)ccc2C1=Cc1ccc(S(C)(=O)=O)cc1,1,training
CCCCCCCCNC(C)C(O)c1ccc(SC(C)C)cc1,1,training
CCN1CCCC1CNC(=O)c1cc(S(N)(=O)=O)ccc1OC,1,training
Nc1c2c(nc3ccccc13)CCCC2,1,training
CC/C(=C(\c1ccccc1)c1ccc(OCCN(C)C)cc1)c1ccccc1,1,training
Cc1nc(C)c2c(n1)N(Cc1ccc(-c3ccccc3-c3nn[nH]n3)cc1)C(=O)CC2,1,training
O=c1[nH]c(=O)n(C2CCCO2)cc1F,1,training
CCCc1nc2c(C)cc(-c3nc4ccccc4n3C)cc2n1Cc1ccc(-c2ccccc2C(=O)O)cc1,1,training
CC1CN(c2cc3c(cc2F)c(=O)c(C(=O)O)cn3-c2ccc(F)cc2F)CCN1,1,training
Cn1nnc2c(C(N)=O)ncn2c1=O,1,training
CC(Cn1cnc2c(N)ncnc21)OCP(=O)(O)O,1,training
CN(C/C=C/C#CC(C)(C)C)Cc1cccc2ccccc12,1,training
CC(C)(C)c1ccc(C(O)CCCN2CCC(C(O)(c3ccccc3)c3ccccc3)CC2)cc1,1,training
CC12CCC(=O)C=C1CCC1C2CCC2(C)C(O)CCC12,1,training
COc1cc2c(cc1OC)C1CC(=O)C(CC(C)C)CN1CC2,1,training
ClC(Cl)=C(Cl)Cl,1,training
CN(C)[C@@H]1C(=O)/C(=C(\N)O)C(=O)[C@@]2(O)C(=O)C3=C(O)c4c(O)cccc4C(C)(O)[C@H]3C[C@@H]12,1,training
COc1ccc2cc1Oc1ccc(cc1)CC1c3cc(c(OC)cc3CCN1C)Oc1c(OC)c(OC)cc3c1C(C2)N(C)CC3,1,training
O=C1CCC(N2C(=O)c3ccccc3C2=O)C(=O)N1,1,training
Cc1ncc(C[n+]2csc(CCO)c2C)c(N)n1,1,training
CS(=O)(=O)c1ccc(C(O)C(CO)NC(=O)C(Cl)Cl)cc1,1,training
CC(N)=S,1,training
Nc1nc(S)c2[nH]cnc2n1,1,training
CN1c2ccccc2C(NCCCCCCC(=O)O)c2ccc(Cl)cc2S1(=O)=O,1,training
Clc1ccccc1CN1CCc2sccc2C1,1,training
O=C(O)COc1ccc(C(=O)c2cccs2)c(Cl)c1Cl,1,training
CC(S)C(=O)NCC(=O)O,1,training
Clc1ccc2nsnc2c1NC1=NCCN1,1,training
NC[C@H]1O[C@H](O[C@@H]2[C@@H](N)C[C@@H](N)[C@H](O[C@H]3O[C@H](CO)[C@@H](O)[C@H](N)[C@H]3O)[C@H]2O)[C@H](N)C[C@@H]1O,1,training
Cc1ccc(S(=O)(=O)NC(=O)NN2CCCCCC2)cc1,1,training
Cc1ccc(C(=O)c2ccc(CC(=O)O)n2C)cc1,1,training
Cc1ccc(C(=O)C(C)CN2CCCCC2)cc1,1,training
Cc1ccc(O)c(C(CCN(C(C)C)C(C)C)c2ccccc2)c1,1,training
CC1(C)O[C@@H]2CO[C@@]3(COS(N)(=O)=O)OC(C)(C)O[C@H]3[C@@H]2O1,1,training
COc1cccc(C2(O)CCCCC2CN(C)C)c1,1,training
CCOC(=O)C(CCc1ccccc1)NC(C)C(=O)N1C(C(=O)O)CC2CCCCC21,1,training
NC1CC1c1ccccc1,1,training
ClC=C(Cl)Cl,1,training
CN1CCN(CCCN2c3ccccc3Sc3ccc(C(F)(F)F)cc32)CC1,1,training
NC(Cc1cc(I)c(Oc2ccc(O)c(I)c2)c(I)c1)C(=O)O,1,training
CN1C(=O)OC(C)(C)C1=O,1,training
COc1cc(C(=O)NCc2ccc(OCCN(C)C)cc2)cc(OC)c1OC,1,training
COc1cc(Cc2cnc(N)nc2N)cc(OC)c1OC,1,training
CN(C)CCN(Cc1ccccc1)c1ccccn1,1,training
Cc1c(C)c2c(c(C)c1O)CCC(C)(COc1ccc(CC3SC(=O)NC3=O)cc1)O2,1,training
N[C@H]1[C@@H]2CN(c3nc4c(cc3F)c(=O)c(C(=O)O)cn4-c3ccc(F)cc3F)C[C@H]12,1,training
C[C@H](CCC(=O)NCCS(=O)(=O)O)[C@H]1CCC2C3C(CC[C@@]21C)[C@@]1(C)CC[C@@H](O)C[C@H]1C[C@@H]3O,1,training
O=c1cc[nH]c(=O)[nH]1,1,training
O=c1[nH]cc(N(CCCl)CCCl)c(=O)[nH]1,1,training
O=c1ccn(C2OC(CO)C(O)C2O)c(=O)[nH]1,1,training
CCCC(CCC)C(=O)O,1,training
CCCCC(=O)N(Cc1ccc(-c2ccccc2-c2nn[nH]n2)cc1)[C@H](C(=O)O)C(C)C,1,training
COc1cc2c(Nc3ccc(Br)cc3F)ncnc2cc1OCC1CCN(C)CC1,1,training
COc1ccc(C(CN(C)C)C2(O)CCCCC2)cc1,1,training
COc1ccc(CCN(C)CCCC(C#N)(c2ccc(OC)c(OC)c2)C(C)C)cc1OC,1,training
Nc1ncnc2c1ncn2[C@@H]1O[C@H](CO)[C@@H](O)[C@@H]1O,1,training
CCC1=CC2CN(C1)Cc1c([nH]c3ccccc13)C(C(=O)OC)(c1cc3c(cc1OC)N(C)C1C(O)(C(=O)OC)C(OC(C)=O)C4(CC)C=CCN5CCC31C54)C2,1,training
CC(C=CC1=C(C)CCCC1(C)C)=CC=CC(C)=CCO,1,training
Cc1c(C)c2c(c(C)c1O)CCC(C)(CCCC(C)CCCC(C)CCCC(C)C)O2,1,training
CC(=CCC1=C(C)C(=O)c2ccccc2C1=O)CCCC(C)CCCC(C)CCCC(C)C,1,training
OCC(CO)NC1CC(O)(CO)C(O)C(O)C1O,1,training
CC(c1ncncc1F)C(O)(Cn1cncn1)c1ccc(F)cc1F,1,training
CCOC(=O)CN[C@@H](C(=O)N1CC[C@H]1C(=O)NCc1ccc(C(=N)NO)cc1)C1CCCCC1,1,training
COc1cc(C(=O)NS(=O)(=O)c2ccccc2C)ccc1Cc1cn(C)c2ccc(NC(=O)OC3CCCC3)cc12,1,training
Nc1ccn([C@H]2CC[C@@H](CO)O2)c(=O)n1,1,training
Cc1cn([C@H]2C[C@H](N=[N+]=[N-])[C@@H](CO)O2)c(=O)[nH]c1=O,1,training
Cc1ccc(-c2nc3ccc(C)cn3c2CC(=O)N(C)C)cc1,1,training
CCC(CO)Nc1nc(NCc2ccccc2)c2ncn(C(C)C)c2n1,0,training
C=CC(O)CC#N,0,training
Nc1cc(Cl)cc(Cl)c1,0,training
O=c1[nH]c(=O)n(C2CC(O)C(CO)O2)cc1Br,0,training
CC(N)=O,0,training
CC(=O)O,0,training
CC(=O)NO,0,training
CC(=O)Nc1c(I)cc(I)c(C(=O)O)c1I,0,training
CC(=O)OCC[N+](C)(C)C,0,training
CC(=O)OC(CC(=O)O)C[N+](C)(C)C,0,training
N[C@H](C(=O)O)[C@@H]1CC(Cl)=NO1,0,training
COc1ccc(-c2ccc3cc(C(=O)O)ccc3c2)cc1C12CC3CC(CC(C3)C1)C2,0,training
Nc1ncnc2[nH]cnc12,0,training
Nc1ncnc2c1ncn2C1OC(COP(=O)(O)OP(=O)(O)OP(=O)(O)O)C(O)C1O,0,training
N=C(N)SCCN,0,training
NC(CN(O)N=O)C(=O)O,0,training
CC(C)(C)NCC(O)c1ccc(O)c(CO)c1,0,training
CC1CC2C3C(Cl)CC4=CC(=O)C=CC4(C)C3C(O)CC2(C)C1(O)C(=O)CO,0,training
CCC(=O)OCC(=O)C1(OC(=O)CC)C(C)CC2C3C(Cl)CC4=CC(=O)C=CC4(C)C3C(O)CC21C,0,training
NCCCC(O)(P(=O)(O)O)P(=O)(O)O,0,training
CCC(=O)N(c1ccccc1)C1(COC)CCN(CCn2nnn(CC)c2=O)CC1,0,training
C=CCC1(CC=C)C(=O)NC(=O)NC1=O,0,training
O=C1NC(=O)C(=O)C(=O)N1,0,training
Cc1nnc2n1-c1ccc(Cl)cc1C(c1ccccc1)=NC2,0,training
CCCCC[C@H](O)/C=C/[C@H]1[C@H](O)CC(=O)[C@@H]1CCCCCCC(=O)O,0,training
CN(C)c1nc(N(C)C)nc(N(C)C)n1,0,training
NC12CC3CC(CC(C3)C1)C2,0,training
COC(c1ccccc1)(c1ccccc1)C(Oc1nc(C)cc(C)n1)C(=O)O,0,training
Nc1c(Br)cc(Br)cc1CNC1CCC(O)CC1,0,training
NCCCNCCSP(=O)(O)O,0,training
NC(N)=NC(=O)c1nc(Cl)c(N)nc1N,0,training
CCC1(c2ccc(N)cc2)CCC(=O)NC1=O,0,training
Nc1ccc(C(=O)O)cc1,0,training
NCCCCCC(=O)O,0,training
CC(C)c1ccc2oc3nc(N)c(C(=O)O)cc3c(=O)c2c1,0,training
CCOC(=O)C1=C(COCCN)NC(C)=C(C(=O)OC)C1c1ccccc1Cl,0,training
CCC1(CCC(C)C)C(=O)NC(=O)NC1=O,0,training
Clc1ccc2c(c1)C(N1CCNCC1)=Nc1ccccc1O2,0,training
COc1ccc(-c2cc(=S)ss2)cc1,0,training
CCOC(=O)C1(c2ccccc2)CCN(CCc2ccc(N)cc2)CC1,0,training
Nc1cc(Cl)c(N=C2NCCN2)c(Cl)c1,0,training
C=CCC1(C(C)C)C(=O)NC(=O)NC1=O,0,training
O=C1O[C@H]([C@@H](O)CO)C(O)=C1O,0,training
CC(C=CC=C(C)C=CC1=C(C)C(=O)C(O)CC1(C)C)=CC=CC=C(C)C=CC=C(C)C=CC1=C(C)C(=O)C(O)CC1(C)C,0,training
COc1ccc(CCN2CCC(Nc3nc4ccccc4n3Cc3ccc(F)cc3)CC2)cc1,0,training
O=C1C(O)=C(C2CCC(c3ccc(Cl)cc3)CC2)C(=O)c2ccccc21,0,training
CN1C2CCC1CC(OC(=O)C(CO)c1ccccc1)C2,0,training
CN1CCCC(n2nc(Cc3ccc(Cl)cc3)c3ccccc3c2=O)CC1,0,training
CC[C@H]1OC(=O)[C@H](C)[C@@H](O[C@H]2C[C@@](C)(OC)[C@@H](O)[C@H](C)O2)[C@H](C)[C@@H](O[C@@H]2O[C@H](C)C[C@H](N(C)C)[C@H]2O)[C@](C)(O)C[C@@H](C)CN(C)[C@H](C)[C@@H](O)[C@]1(C)O,0,training
CC1(C)S[C@H]2[C@@H](NC(=O)[C@H](NC(=O)N3CCNC3=O)c3ccccc3)C(=O)N2[C@@H]1C(=O)[O-],0,training
C[C@H]1[C@H](NC(=O)/C(=N\OC(C)(C)C(=O)O)c2csc(N)n2)C(=O)N1S(=O)(=O)O,0,training
CCC1(CC)C(=O)NC(=O)NC1=O,0,training
CC1CC2C3CCC4=CC(=O)C=CC4(C)C3(Cl)C(O)CC2(C)C1(O)C(=O)CO,0,training
CCC(=O)OCC(=O)[C@@]1(OC(=O)CC)[C@@H](C)C[C@H]2[C@@H]3CCC4=CC(=O)C=C[C@]4(C)[C@@]3(Cl)[C@@H](O)C[C@@]21C,0,training
CCOC(=O)[C@H](CCc1ccccc1)N[C@H]1CCc2ccccc2N(CC(=O)O)C1=O,0,training
CC#CCC(C)C(O)C=CC1C(O)CC2Oc3c(CCCC(=O)O)cccc3C21,0,training
C[N+](C)(C)CC(=O)O,0,training
C[C@H]1C[C@H]2[C@@H]3CCC4=CC(=O)C=C[C@]4(C)[C@@]3(F)[C@@H](O)C[C@]2(C)[C@@]1(O)C(=O)CO,0,training
c1ccc(-c2ccc(C(c3ccccc3)n3ccnc3)cc2)cc1,0,training
Cc1ccc(C(=O)Oc2ccc(C(O)CNC(C)(C)C)cc2OC(=O)c2ccc(C)cc2)cc1,0,training
S=C=Nc1ccc2ccccc2c1,0,training
CC[N+](C)(C)Cc1ccccc1Br,0,training
Brc1c(NC2=NCCN2)ccc2nccnc12,0,training
CC(C)CC1C(=O)N2CCCC2C2(O)OC(NC(=O)C3C=C4c5cccc6[nH]c(Br)c(c56)CC4N(C)C3)(C(C)C)C(=O)N12,0,training
CN(C)CCC(c1ccc(Br)cc1)c1ccccn1,0,training
Cc1nnc2n1-c1sc(Br)cc1C(c1ccccc1Cl)=NC2,0,training
CCCCN1CCCCC1C(=O)Nc1c(C)cccc1C,0,training
CN(Cc1ccc(C(C)(C)C)cc1)Cc1cccc2ccccc12,0,training
CCCCC1(CC)C(=O)NC(=O)NC1=O,0,training
Clc1ccc(CCC(Cn2ccnc2)Sc2c(Cl)cccc2Cl)cc1,0,training
Oc1ccc2c(c1)C13CCCCC1(O)C(C2)N(CC1CCC1)CC3,0,training
C=CCN1CC(C(=O)N(CCCN(C)C)C(=O)NCC)CC2c3cccc4[nH]cc(c34)CC21,0,training
C=C1C(=CC=C2CCCC3(C)C2CCC3C(C)C=CC(O)C2CC2)CC(O)CC1O,0,training
O=C([O-])CN(CCN(CC(=O)[O-])CC(=O)[O-])CC(=O)[O-],0,training
CCOc1nc2cccc(C(=O)O)c2n1Cc1ccc(-c2ccccc2-c2nnn[nH]2)cc1,0,training
NCCCC(N)CC(=O)NCC1NC(=O)C(CO)NC(=O)C(N)CNC(=O)C(C2CCN=C(N)N2)NC(=O)C(=CNC(N)=O)NC1=O,0,training
C[N+](C)(C)CCOC(N)=O,0,training
CNC(=O)Oc1cccc2ccccc12,0,training
CC1(C(=O)O)CCC2(C)CCC3(C)C(=CC(=O)C4C5(C)CCC(OC(=O)CCC(=O)O)C(C)(C)C5CCC43C)C2C1,0,training
CC1(C)[C@@H](OC(=O)CCC(=O)[O-])CC[C@@]2(C)[C@H]1CC[C@]1(C)[C@@H]2C(=O)C=C2[C@@H]3C[C@@](C)(C(=O)[O-])CC[C@]3(C)CC[C@]21C,0,training
C[C@@](Cc1ccc(O)c(O)c1)(NN)C(=O)O,0,training
CCCCNC(=O)NS(=O)(=O)c1ccc(N)cc1,0,training
CC(C)c1ccc(C(=O)NC(=N)N)cc1S(C)(=O)=O,0,training
CCCC(C)(COC(N)=O)COC(=O)NC(C)C,0,training
CC(C(=O)O)c1ccc2c(c1)[nH]c1ccc(Cl)cc12,0,training
CC(C)(C)NCC(O)COc1cccc2c1CCC(=O)N2,0,training
Cn1nnnc1SCC1=C(C(=O)O)N2C(=O)C(NC(=O)C(O)c3ccccc3)C2SC1,0,training
Cn1nnnc1SCC1=C(C(=O)O)N2C(=O)C(NC(=O)C(OC=O)c3ccccc3)C2SC1,0,training
CC(=O)OCC1=C(C(=O)O)N2C(=O)C(NC(=O)CSc3ccncc3)C2SC1,0,training
CON=C(C(=O)NC1C(=O)N2C(C(=O)O)=C(C[N+]3(C)CCCC3)CSC12)c1csc(N)n1,0,training
COC1(NC(=O)CSCC#N)C(=O)N2C(C(=O)O)=C(CSc3nnnn3C)CSC21,0,training
O=C(O)C1=C(CSc2nnnn2CS(=O)(=O)O)CSC2C(NC(=O)C(O)c3ccccc3)C(=O)N12,0,training
COCC1=C(C(=O)OC(C)O)N2C(=O)C(NC(=O)C(=NOC)c3csc(N)n3)C2SC1,0,training
CC(C)(O/N=C(\C(=O)N[C@@H]1C(=O)N2C(C(=O)[O-])=C(C[n+]3ccccc3)CS[C@H]12)c1csc(N)n1)C(=O)O,0,training
Nc1nc(C(=CCC(=O)O)C(=O)NC2C(=O)N3C(C(=O)O)=CCSC23)cs1,0,training
CON=C(C(=O)NC1C(=O)N2C(C(=O)O)=C(COC(N)=O)CSC12)c1ccco1,0,training
CON=C(C(=O)NC1C(=O)N2C(C(=O)OC(C)OC(C)=O)=C(COC(N)=O)CSC12)c1ccco1,0,training
CON=C(C(=O)NC1C(=O)N2C(C(=O)OC(C)OC(=O)C(C)(C)OC)=C(COC(N)=O)CSC12)c1ccco1,0,training
CC(=O)OCC1=C(C(=O)[O-])N2C(=O)[C@@H](NC(=O)CSc3ccncc3)[C@H]2SC1,0,training
CC1=C(C(=O)O)N2C(=O)[C@@H](NC(=O)[C@H](N)C3=CCC=CC3)[C@H]2SC1,0,training
CNC(=O)C1OC(n2cnc3c(NCc4cccc(I)c4)ncnc32)C(O)C1O,0,training
CN=C1CN(O)C(c2ccccc2)=c2cc(Cl)ccc2=N1,0,training
CCN(CC)CCCC(C)Nc1ccnc2cc(Cl)ccc12,0,training
CN(C)C1C(O)=C(C(N)=O)C(=O)C2(O)C(O)=C3C(=O)c4c(O)ccc(Cl)c4C(C)(O)C3CC12,0,training
CC(=O)NC1C(O)OC(OS(=O)(=O)O)C(O)C1OC1OC(C(=O)O)C(O)C(O)C1O,0,training
Cc1cc(C2CCCCC2)n(O)c(=O)c1,0,training
OCCN1CCN(CC/C=C2/c3ccccc3Sc3ccc(C(F)(F)F)cc32)CC1,0,training
CN(C)CCCC1(c2ccc(F)cc2)OCc2cc(C#N)ccc21,0,training
O=C(O)CC(O)(CC(=O)O)C(=O)O,0,training
CN1CCC[C@@H]1CCO[C@](C)(c1ccccc1)c1ccc(Cl)cc1,0,training
NC1CCN(c2c(F)cc3c(=O)c(C(=O)O)cn(C4CC4)c3c2Cl)C1,0,training
Oc1c(I)cc(Cl)c2cccnc12,0,training
C[C@H]1C[C@H]2[C@@H]3CCC4=CC(=O)C=C[C@]4(C)[C@@]3(F)[C@@H](O)C[C@]2(C)[C@@]1(O)C(=O)CCl,0,training
O=P(O)(O)C(Cl)(Cl)P(=O)(O)O,0,training
Nc1ncnc2c1ncn2C1OC(CO)CC1O,0,training
CC(=O)OCC(=O)C1(O)CCC2C3CCC4=CC(=O)CCC4(C)C3C(=O)CC21C,0,training
CC1(C)SC2C(NC(=O)C3(N)CCCCC3)C(=O)N2C1C(=O)O,0,training
CCC1(C2=CCCCC2)C(=O)NC(=O)NC1=O,0,training
CCC(C(=O)O)C1(O)CCCCC1,0,training
O=C(C=Cc1ccc(O)c(O)c1)OC1CC(OC(=O)C=Cc2ccc(O)c(O)c2)(C(=O)O)CC(O)C1O,0,training
O=C1c2cccc(O)c2C(=O)c2c(O)cccc21,0,training
Cc1ccccc1N1CCN(CCc2nnc3n2CCCC3)CC1,0,training
CCC1=C(CC2NCCc3cc(OC)c(OC)cc32)CC2c3cc(OC)c(OC)cc3CCN2C1,0,training
CNCCCN1c2ccccc2CCc2ccccc21,0,training
CN1C(=O)C(NC(=O)c2cc3ccccc3[nH]2)N=C(c2ccccc2)c2ccccc21,0,training
CC(CN1CC(=O)NC(=O)C1)N1CC(=O)NC(=O)C1,0,training
O=C[C@H](O)[C@@H](O)[C@H](O)[C@H](O)CO[C@H]1O[C@H](CO[C@H]2O[C@H](CO)[C@@H](O)[C@H](O)[C@H]2O)[C@@H](O)[C@H](O)[C@H]1O,0,training
C[C@H](N)Cc1ccccc1,0,training
COc1ccc2c(c1)[C@]13CCCC[C@@H]1[C@H](C2)N(C)CC3,0,training
CC(=O)Nc1c(I)c(NC(C)=O)c(I)c(C(=O)O)c1I,0,training
CC12CCC3=C4CCC(=O)C=C4CCC3C1CCC2(O)CC#N,0,training
CCN(CC)C(=O)c1cccc(C)c1,0,training
CC1OC(OC2C(O)CC(OC3CCC4(C)C(CCC5C4CCC4(C)C(C6=CC(=O)OC6)CCC54O)C3)OC2C)C(O)CC1OC1CC(O)C(O)C(C)O1,0,training
C[C@H]1O[C@@H](O[C@H]2[C@@H](O)C[C@H](O[C@H]3[C@@H](O)C[C@H](O[C@H]4CC[C@]5(C)[C@H]6C[C@@H](O)[C@]7(C)C(C8=CC(=O)OC8)CC[C@]7(O)[C@@H]6CC[C@@H]5C4)O[C@@H]3C)O[C@@H]2C)C[C@H](O)[C@@H]1O,0,training
COc1ccc([C@@H]2Sc3ccccc3N(CCN(C)C)C(=O)[C@@H]2OC(C)=O)cc1,0,training
CCOC(=O)C1(c2ccccc2)CC[NH+](CCC(C#N)(c2ccccc2)c2ccccc2)CC1,0,training
CNCC(O)c1ccc(OC(=O)C(C)(C)C)c(OC(=O)C(C)(C)C)c1,0,training
CCN(CC)C(=S)S,0,training
COc1cc2c(cc1OC)C(=O)C(CC1CCN(Cc3ccccc3)CC1)C2,0,training
COc1cc2nc(N3CCN(C(=O)C4COc5ccccc5O4)CC3)nc(N)c2cc1OC,0,training
CCC(=C(c1ccc(OCCN(C)C)cc1)c1cccc(O)c1)c1ccccc1,0,training
CCCCCc1cc(O)c2c(c1)OC(C)(C)[C@@H]1CCC(C)=C[C@@H]21,0,training
O=C(CCCN1CC=C(n2c(=O)[nH]c3ccccc32)CC1)c1ccc(F)cc1,0,training
Clc1ccc(COC(Cn2ccnc2)c2ccc(Cl)cc2Cl)cc1,0,training
NCCCC(N)(C(=O)O)C(F)F,0,training
CSc1ccc(C(=O)C2NC(=O)N=C2C)cc1,0,training
CCCCCC(O)C=CC1C(O)CC2OC(=CCCCC(=O)O)CC21,0,training
CCCCc1ncc(/C=C(\Cc2cccs2)C(=O)O)n1Cc1ccc(C(=O)O)cc1,0,training
C=C1CC[C@H](O)C/C1=C/C=C1\CCC[C@@]2(C)[C@H]1CC[C@@H]2[C@H](C)/C=C/[C@H](C)C(C)C,0,training
C[C@@H](CO)NC(=O)[C@@H]1C=C2c3cccc4[nH]cc(c34)C[C@H]2N(C)C1,0,training
CN1C[C@H](C(=O)N[C@]2(C)O[C@@]3(O)[C@@H]4CCCN4C(=O)[C@H](Cc4ccccc4)N3C2=O)C=C2c3cccc4[nH]cc(c34)C[C@H]21,0,training
CNC(=O)Oc1ccc2c(c1)[C@]1(C)CCN(C)[C@@H]1N2C,0,training
Clc1ccc2c(c1)C(c1ccccc1)=NCc1nncn1-2,0,training
CC12CCC3c4ccc(OC(=O)c5ccccc5)cc4CCC3C1CCC2O,0,training
CC12CCC3c4ccc(O)cc4CCC3C1CCC2OC(=O)CCC1CCCCC1,0,training
CCCCCCC(=O)OC1CCC2C3CCc4cc(O)ccc4C3CCC12C,0,training
CCCCCCCCCCC(=O)OC1CCC2C3CCc4cc(O)ccc4C3CCC12C,0,training
CC12CCC3c4ccc(OS(=O)(=O)O)cc4CCC3C1CCC2=O,0,training
C=C(CC)C(=O)c1ccc(OCC(=O)O)c(Cl)c1Cl,0,training
CCCCCCCCC=CCCCCCCCC(=O)OCCN,0,training
CCOc1ccc2nc(S(N)(=O)=O)sc2c1,0,training
CCOC(=O)c1cncn1C(C)c1ccccc1,0,training
CC(C)(C)NC(=O)C1CCC2C3CCC4NC(=O)C=CC4(C)C3CCC12C,0,training
C[C@]12C[C@H](O)[C@@]3(F)[C@@H](CCC4=CC(=O)CC[C@@]43C)[C@@H]1CC[C@]2(O)C(=O)CO,0,training
CC1(C)OC2CC3C4CC(F)C5=CC(=O)C=CC5(C)C4C(O)CC3(C)C2(C(=O)CO)O1,0,training
CN1C(=O)CN=C(c2ccccc2F)c2cc([N+](=O)[O-])ccc21,0,training
CCC(=O)OC1(C(=O)SCF)C(C)CC2C3CC(F)C4=CC(=O)C=CC4(C)C3(F)C(O)CC21C,0,training
Nc1nc(=O)c2nc(CNc3ccc(C(=O)N[C@@H](CCC(=O)O)C(=O)O)cc3)cnc2[nH]1,0,training
O=C([O-])P(=O)([O-])[O-],0,training
CC(=O)NC(C(=O)NCOP(=O)(O)O)(c1ccccc1)c1ccccc1,0,training
c1ccoc1,0,training
CC[N+](CC)(CC)CCOc1cccc(OCC[N+](CC)(CC)CC)c1OCC[N+](CC)(CC)CC,0,training
Nc1ccn(C2OC(CO)C(O)C2(F)F)c(=O)n1,0,training
CNC1C(O)C(OC2C(N)CC(N)C(OC3OC(CN)CCC3N)C2O)OCC1(C)O,0,training
CN(C)c1ccc(C(=C2C=CC(=[N+](C)C)C=C2)c2ccc(N(C)C)cc2)cc1,0,training
CCC1=C(C)CN(C(=O)NCCc2ccc(S(=O)(=O)NC(=O)NC3CCC(C)CC3)cc2)C1=O,0,training
Cc1cnc(C(=O)NCCc2ccc(S(=O)(=O)NC(=O)NC3CCCCC3)cc2)cn1,0,training
NC(CCC(=O)O)C(=O)O,0,training
NC(CCC(=O)NC(CSSCC(NC(=O)CCC(N)C(=O)O)C(=O)NCC(=O)O)C(=O)NCC(=O)O)C(=O)O,0,training
NCC(=O)O,0,training
N=C(N)NN=Cc1c(Cl)cccc1Cl,0,training
N=C(N)NCC1COC2(CCCCC2)O1,0,training
N=C(N)NC(=O)Cc1c(Cl)cccc1Cl,0,training
O=C1CN=C(c2ccccc2)c2cc(Cl)ccc2N1CC(F)(F)F,0,training
CCC(=O)OC1(C(=O)CCl)C(C)CC2C3CC(F)C4=CC(=O)C=CC4(C)C3(F)C(O)CC21C,0,training
Cc1c(CCC(=O)O)c2cc3[nH]c(cc4nc(cc5[nH]c(cc1n2)c(C(C)O)c5C)c(C(C)O)c4C)c(C)c3CCC(=O)O,0,training
CCC(c1ccc(O)cc1)C(CC)c1ccc(O)cc1,0,training
CCCCC(CC)CN1CN(CC(CC)CCCC)CC(C)(N)C1,0,training
CN1C(=O)C(C)(C2=CCCCC2)C(=O)N=C1O,0,training
CC(=O)OCC(=O)C1(O)CCC2C3CCC4=CC(=O)CCC4(C)C3C(O)CC21C,0,training
CN1CC23c4c5ccc(O)c4OC2C(=O)CCC3C1C5,0,training
CCCCCCCN(CC)CCCC(O)c1ccc(NS(C)(=O)=O)cc1,0,training
CC(=O)[C@]1(O)Cc2c(O)c3c(c(O)c2[C@@H](O[C@H]2C[C@H](N)[C@H](O)[C@H](C)O2)C1)C(=O)c1ccccc1C3=O,0,training
COC1=C(OC)C(=O)C(CCCCCCCCCCO)=C(C)C1=O,0,training
C[C@H](C(=O)ON[C@H](CCC(=O)O)C(=O)COc1c(F)c(F)cc(F)c1F)C(=O)C(=O)Nc1ccccc1C(C)(C)C,0,training
CCC(=C(c1ccc(I)cc1)c1ccc(OCCN2CCCC2)cc1)c1ccccc1,0,training
CNC(=O)C(Cc1c[nH]c2ccccc12)NC(=O)C(CC(=O)NO)CC(C)C,0,training
CC1Cc2ccccc2N1NC(=O)c1ccc(Cl)c(S(N)(=O)=O)c1,0,training
CC(C)(C)NC(=O)[C@@H]1CN(Cc2cccnc2)CCN1C[C@@H](O)C[C@@H](Cc1ccccc1)C(=O)N[C@H]1c2ccccc2C[C@H]1O,0,training
CC1(C)C(C=CC=CC=CC=C2Cc3c(ccc4ccccc34)N2CCCCS(=O)(=O)O)=[N+](CCCCS(=O)(=O)O)c2ccc3ccccc3c21,0,training
O=c1nc[nH]c2c1ncn2C1OC(CO)C(O)C1O,0,training
COCC(=O)Nc1c(I)c(C(=O)NCC(O)CO)c(I)c(C(=O)N(C)CC(O)CO)c1I,0,training
Cc1cc(C(=O)NNCc2ccccc2)no1,0,training
O=C(O)c1ccncc1,0,training
CC(C)NCC(O)c1ccc(O)c(O)c1,0,training
O=[N+]([O-])O[C@H]1CO[C@H]2[C@@H]1OC[C@H]2O[N+](=O)[O-],0,training
Cc1cc(NC(=O)C2=C(O)c3ccccc3S(=O)(=O)N2C)no1,0,training
CC(COc1ccccc1)NC(C)C(O)c1ccc(O)cc1,0,training
Cc1oc(-c2ccccc2)nc1CCOc1ccc(CC2C(=O)NOC2=O)cc1,0,training
NC[C@H]1O[C@H](O[C@@H]2[C@@H](N)C[C@@H](N)[C@H](O[C@H]3O[C@H](CO)[C@@H](O)[C@H](N)[C@H]3O)[C@H]2O)[C@H](O)[C@@H](O)[C@@H]1O,0,training
CNC1(c2ccccc2Cl)CCCCC1=O,0,training
O=C(c1ccccc1)c1ccc2n1CCC2C(=O)O,0,training
CN1CCC(=C2c3ccccc3CC(=O)c3sccc32)CC1,0,training
COc1c2occc2c(OC)c2c(=O)cc(C)oc12,0,training
CCCCCCCCCC=CC=CC(=O)NCC(=O)NC1C(O)C(O)C(Nc2ncnc3nc[nH]c23)OC1C(O)CO,0,training
OC[C@H]1O[C@@H](O)[C@H](O)[C@@H](O)[C@@H]1O[C@@H]1O[C@H](CO)[C@H](O)[C@H](O)[C@H]1O,0,training
CC(C)OC(=O)CCCC=CCC1C(O)CC(O)C1CCC(O)CCc1ccccc1,0,training
CC(C)(C)NCC(O)COc1cccc2c1CCCC2=O,0,training
N[C@@H](Cc1ccc(O)c(O)c1)C(=O)O,0,training
C[C@H]1COc2c(N3CCN(C)CC3)c(F)cc3c(=O)c(C(=O)O)cn1c23,0,training
CC1CC(=O)NN=C1c1ccc(NN=C(C#N)C#N)cc1,0,training
N[C@@H](Cc1cc(I)c(Oc2ccc(O)c(I)c2)c(I)c1)C(=O)O,0,training
N#Cc1cc(NC(=O)C(=O)O)c(Cl)c(NC(=O)C(=O)O)c1,0,training
CN(C)C(=O)C(CCN1CCC(O)(c2ccc(Cl)cc2)CC1)(c1ccccc1)c1ccccc1,0,training
N[C@@H](C(=O)N[C@@H]1C(=O)N2C(C(=O)O)=C(Cl)CC[C@H]12)c1ccccc1,0,training
CCOC(=O)N1CCC(=C2c3ccc(Cl)cc3CCc3cccnc32)CC1,0,training
CCOC(=O)CC(SP(=S)(OC)OC)C(=O)OCC,0,training
CNCCCC12CCC(c3ccccc31)c1ccccc12,0,training
CNC(=O)C(NC(=O)C(CC(C)C)C(O)C(=O)NO)C(C)(C)C,0,training
C[C@@H](Cc1ccc(O)c(O)c1)[C@H](C)Cc1ccc(O)c(O)c1,0,training
OC1(c2ccc(Cl)cc2)c2ccccc2C2=NCCN21,0,training
Cc1cccc(CN2CCN(C(c3ccccc3)c3ccc(Cl)cc3)CC2)c1,0,training
C=C1c2c(Cl)ccc(O)c2C(=O)C2=C(O)C3(O)C(=O)C(C(N)=O)=C(O)C(N(C)C)C3C(O)C12,0,training
CC(=O)[C@@]1(O)CC[C@H]2[C@@H]3C[C@H](C)C4=CC(=O)CC[C@]4(C)[C@H]3CC[C@@]21C,0,training
COc1ccc2[nH]cc(CCNC(C)=O)c2c1,0,training
CC12CC3CC(C)(C1)CC(N)(C3)C2,0,training
CCC1(c2ccccc2)NC(=O)N(C)C1=O,0,training
Cc1ccccc1N(C)C(=O)C1CCCC(C)N1C,0,training
COc1ccc(O)cc1,0,training
O=S(=O)(O)CCS,0,training
Cc1ccccc1-n1c(C)nc2ccccc2c1=O,0,training
C=CCC1(C(C)C=CCC)C(=O)NC(=O)N(C)C1=O,0,training
COc1ccc(OC)c(C(O)C(C)N)c1,0,training
CCC1(CC)C(=O)NCC(C)C1=O,0,training
CC(N)(Cc1ccc(O)cc1)C(=O)O,0,training
Cc1ncc2n1-c1ccc(Cl)cc1C(c1ccccc1F)=NC2,0,training
COc1ccc(OC)c(C(O)CNC(=O)CN)c1,0,training
CC#CC1(O)CCC2C3CCC4=CC(=O)CCC4=C3C(c3ccc(N(C)C)cc3)CC21C,0,training
O=C(O)C(CC(=O)N1CC2CCCCC2C1)Cc1ccccc1,0,training
CCOC(=O)C(CCc1ccccc1)NC(C)C(=O)N1Cc2cc(OC)c(OC)cc2CC1C(=O)O,0,training
CC1CC2C3CCC4=CC(=O)C=CC4(C)C3(Cl)C(O)CC2(C)C1(OC(=O)c1ccco1)C(=O)CCl,0,training
C[C@@H]1C[C@H]2[C@@H]3CCC4=CC(=O)C=C[C@]4(C)[C@@]3(Cl)[C@@H](O)C[C@]2(C)[C@@]1(O)C(=O)CCl,0,training
CCC1(C2OC(C3OC(O)(CO)C(C)CC3C)CC2C)CCC(C2(C)CCC3(CC(O)C(C)C(C(C)C(OC)C(C)C(=O)O)O3)O2)O1,0,training
CO[C@@]1(NC(=O)C(C(=O)[O-])c2ccc(O)cc2)C(=O)N2C(C(=O)[O-])=C(CSc3nnnn3C)CO[C@@H]21,0,training
COc1nc(C)nc(Cl)c1N=C1NCCN1,0,training
CC(=CC(=O)OCCCCCCCCC(=O)O)CC1OCC(CC2OC2C(C)C(C)O)C(O)C1O,0,training
O[C@H]1[C@H](O)[C@@H](O)[C@H](O)[C@@H](O)[C@H]1O,0,training
CCCCCCC(C)(C)c1cc(O)c2c(c1)OC(C)(C)C1CCC(=O)CC21,0,training
CCOc1ccc2ccccc2c1C(=O)N[C@@H]1C(=O)N2[C@@H](C(=O)[O-])C(C)(C)S[C@H]12,0,training
CN(CC=Cc1ccccc1)Cc1cccc2ccccc12,0,training
C=CCN1CCCC23c4c5ccc(O)c4OC2C(O)C=CC3C1C5,0,training
C=CCN1CCC23c4c5ccc(O)c4OC2C(=O)CCC3(O)C1C5,0,training
CCCCCCCCCC(=O)OC1CCC2C3CCC4=CC(=O)CCC4C3CCC12C,0,training
C=Cc1c(C)c2cc3nc(c(CC(=O)NC(CC(=O)O)C(=O)O)c4nc(cc5[nH]c(cc1[nH]2)c(C)c5CC)c(C)c4C(=O)O)C(CCC(=O)O)C3C,0,training
CCCc1c2oc(C(=O)O)cc(=O)c2cc2c(=O)cc(C(=O)O)n(CC)c12,0,training
CN(C)C(=O)Oc1cccc([N+](C)(C)C)c1,0,training
O=C(CCNNC(=O)c1ccncc1)NCc1ccccc1,0,training
COC12CC(COC(=O)c3cncc(Br)c3)CN(C)C1Cc1cn(C)c3cccc2c13,0,training
O=C(OCC(COC(=O)c1cccnc1)(COC(=O)c1cccnc1)COC(=O)c1cccnc1)c1cccnc1,0,training
O=C(NCCO[N+](=O)[O-])c1cccnc1,0,training
NC(=O)c1ccc[n+](C2OC(COP(=O)(O)OP(=O)(O)OCC3OC(n4cnc5c(N)ncnc54)C(O)C3O)C(O)C2O)c1,0,training
O=C(O)c1cccnc1Nc1cccc(C(F)(F)F)c1,0,training
CC1CS(=O)(=O)CCN1N=Cc1ccc([N+](=O)[O-])o1,0,training
O=C1NCCN1c1ncc([N+](=O)[O-])s1,0,training
O=C1CN=C(c2ccccc2)c2cc([N+](=O)[O-])ccc2N1,0,training
NC(=O)NN=Cc1ccc([N+](=O)[O-])o1,0,training
COC(=O)Nc1nc2ccc(C(=O)c3cccs3)cc2[nH]1,0,training
C#CC1(OC(C)=O)CCC2C3CCC4=CC(=O)CCC4C3CCC21C,0,training
COc1ccc2c(c1OC)C(=O)OC2C1c2c(cc3c(c2OC)OCO3)CCN1C,0,training
CCCc1nc(C(C)(C)O)c(C(=O)OCc2oc(=O)oc2C)n1Cc1ccc(-c2ccccc2-c2nn[nH]n2)cc1,0,training
CN(C)CCC=C1c2ccccc2COc2ccc(CC(=O)O)cc21,0,training
O=C(O)c1cc(N=Nc2ccc(O)c(C(=O)O)c2)ccc1O,0,training
Cc1ccccc1C(OCCN(C)C)c1ccccc1,0,training
CC(C)NCC1CCc2cc(CO)c([N+](=O)[O-])cc2N1,0,training
CC12COC(=O)CC1CCC1C2CCC2(C)C1CCC2(C)O,0,training
CN(C(=O)CN(CCO)CC(=O)N(C)C(C)(C)Cc1ccccc1)C(C)(C)Cc1ccccc1,0,training
Clc1ccc(CON=C(Cn2ccnc2)c2ccc(Cl)cc2Cl)c(Cl)c1,0,training
C=CCOc1ccccc1OCC(O)CNC(C)C,0,training
CC1C(=O)c2[nH]cnc2C(C)C1=O,0,training
CCN(CC)CC#CCOC(=O)C(O)(c1ccccc1)C1CCCCC1,0,training
COc1ccc2c3c1OC1C(=O)CCC4(O)C(C2)N(C)CCC314,0,training
CCCCC1C(=O)N(c2ccccc2)N(c2ccc(O)cc2)C1=O,0,training
CC[N+](C)(CC)CCOC(=O)C(O)(c1ccccc1)C1CCCCC1,0,training
Oc1nc(O)c2cn[nH]c2n1,0,training
CN(C)C1C(O)=C(C(N)=O)C(=O)C2(O)C(O)=C3C(=O)c4c(O)cccc4C(C)(O)C3C(O)C12,0,training
O=C(O)C=Cc1ccc(Cn2ccnc2)cc1,0,training
CC(C)(CO)[C@@H](O)/C(O)=N/CCC(=O)O,0,training
CCOC(=O)C(SP(=S)(OC)OC)c1ccccc1,0,training
C#CCN(C)Cc1ccccc1,0,training
NC[C@@H]1O[C@H](O[C@@H]2[C@@H](CO)O[C@@H](O[C@@H]3[C@@H](O)[C@H](N)C[C@H](N)[C@H]3O[C@H]3O[C@H](CO)[C@@H](O)[C@H](O)[C@H]3N)[C@@H]2O)[C@H](N)[C@@H](O)[C@@H]1O,0,training
Nc1nc2c(ncn2CCC(CO)CO)c(=O)[nH]1,0,training
N=C(N)c1ccc(OCCCCCOc2ccc(C(=N)N)cc2)cc1,0,training
CCCCC(=O)O,0,training
CC(C)=CCN1CCC2(C)c3cc(O)ccc3CC1C2C,0,training
OCC1OC(n2cnc3c2N=CNCC3O)CC1O,0,training
CCCN1CC(CSC)CC2c3cccc4[nH]cc(c34)CC21,0,training
CC1(C)C(C=C(Cl)Cl)C1C(=O)OCc1cccc(Oc2ccccc2)c1,0,training
OCCN1CCN(CCCN2c3ccccc3Sc3ccc(Cl)cc32)CC1,0,training
N=C(N)NC(=N)NCCc1ccccc1,0,training
O=C1OC(c2ccc(O)cc2)(c2ccc(O)cc2)c2ccccc21,0,training
CC(COc1ccccc1)N(CCCl)Cc1ccccc1,0,training
O=C(O)Cc1ccccc1,0,training
C[C@@H](N)[C@@H](O)c1ccccc1,0,training
CNC(=O)Oc1ccc2c(c1)C1(C)CCN(C)C1N2C,0,training
CC[C@@H]1C(=O)OC[C@@H]1Cc1cncn1C,0,training
CC(/N=C(\NC#N)Nc1ccncc1)C(C)(C)C,0,training
CC(C)NCC(O)COc1cccc2[nH]ccc12,0,training
CCc1ccc(CCOc2ccc(CC3SC(=O)NC3=O)cc2)nc1,0,training
CCN1CCN(C(=O)NC(C(=O)NC2C(=O)N3C2SC(C)(C)C3C(=O)O)c2ccccc2)C(=O)C1=O,0,training
CCCCOCCOCCOCc1cc2c(cc1CCC)OCO2,0,training
CC(C)(C)NCC(O)c1ccc(O)c(CO)n1,0,training
Cc1ccc(=O)n(-c2ccccc2)c1,0,training
C=CO,0,training
CCc1c(C)c2cc3nc(cc4nc(cc5[nH]c(cc1[nH]2)c(C)c5C(C)O)c(C)c4CCC(=O)O)c(CCC(=O)O)c3C,0,training
O=C1CN=C(c2ccccc2)c2cc(Cl)ccc2N1CC1CC1,0,training
O=C(C1CCCCC1)N1CC(=O)N2CCc3ccccc3C2C1,0,training
COc1cc(NC(C)CCCN)c2ncccc2c1,0,training
CN(C)CCCN1c2ccccc2Sc2ccccc21,0,training
CC(CN1c2ccccc2Sc2ccccc21)N(C)C,0,training
CC(C)O,0,training
CN[C@@H](C)[C@@H](O)c1ccccc1,0,training
CN(C)C(=O)Oc1ccc[n+](C)c1,0,training
Cc1ncc(COP(=O)(O)O)c(C=O)c1O,0,training
Cc1ncc(CO)c(CO)c1O,0,training
Fc1ccccc1C1=NCC(=S)N(CC(F)(F)F)c2ccc(Cl)cc21,0,training
C#CC1(O)CCC2C3CCc4cc(OC5CCCC5)ccc4C3CCC21C,0,training
CCOC(Cc1ccc(OCCN2c3ccccc3Oc3ccccc32)cc1)C(=O)O,0,training
O=C(c1ccc(OCCN2CCCCC2)cc1)c1c(-c2ccc(O)cc2)sc2cc(O)ccc12,0,training
CNC(=C[N+](=O)[O-])NCCSCc1ccc(CN(C)C)o1,0,training
O=C(NC(Cc1cc(=O)[nH]c2ccccc12)C(=O)O)c1ccc(Cl)cc1,0,training
CCC(=O)N(c1ccccc1)C1(C(=O)OC)CCN(CCC(=O)OC)CC1,0,training
COC(=O)C1C2CC3c4[nH]c5cc(OC)ccc5c4CCN3CC2CC(OC(=O)c2cc(OC)c(OC)c(OC)c2)C1OC,0,training
CC(N)C12CC3CC(CC(C3)C1)C2,0,training
CCC(=O)C1(C)C(C)CC2C3CCC4=CC(=O)C=CC4(C)C3C(O)CC21C,0,training
Cc1c(C(=O)NN2CCCCC2)nn(-c2ccc(Cl)cc2Cl)c1-c1ccc(Cl)cc1,0,training
C=CC[N+]1(C2CC3C4CCC5CC(O)C(N6CCOCC6)CC5(C)C4CCC3(C)C2OC(C)=O)CCCC1,0,training
CN(C)C1C(O)=C(C(=O)NCN2CCCC2)C(=O)C2(O)C(O)=C3C(=O)c4c(O)cccc4C(C)(O)C3CC12,0,training
CCCN1CCCCC1C(=O)Nc1c(C)cccc1C,0,training
O=C(O)c1ccccc1O,0,training
OCc1cc(C(O)CNCCCCCCOCCCCc2ccccc2)ccc1O,0,training
CC1OC(OC2C=C3CCC4C(CCC5(C)C(c6ccoc(=O)c6)CCC45O)C3(C)CC2)C(O)C(O)C1OC1OC(CO)C(O)C(O)C1O,0,training
O=C(O)c1ccccc1,0,training
O=C(O)O,0,training
OC[C@H](O)[C@@H](O)[C@H](O)[C@H](O)CO,0,training
CC(C)NCC(O)c1ccc(NS(C)(=O)=O)cc1,0,training
OCC1OC(OC2(CO)OC(CO)C(O)C2O)C(O)C(O)C1O,0,training
CCC(=O)N(c1ccccc1)C1(COC)CCN(CCc2cccs2)CC1,0,training
Clc1ccc(CSC(Cn2ccnc2)c2ccc(Cl)cc2Cl)cc1,0,training
Nc1ccc(S(=O)(=O)NC(=O)c2ccccc2)cc1,0,training
COc1ncnc(NS(=O)(=O)c2ccc(N)cc2)c1OC,0,training
Cc1ccnc(NS(=O)(=O)c2ccc(N)cc2)n1,0,training
Nc1ccc(S(=O)(=O)Nc2ccccn2)cc1,0,training
CNS(=O)(=O)Cc1ccc2[nH]cc(CCN(C)C)c2c1,0,training
CC(C(=O)O)c1ccc(C(=O)c2cccs2)cc1,0,training
O=C(OCC1OC(OC(=O)c2cc(O)c(O)c(O)c2)C(O)C(OC(=O)c2cc(O)c(O)c(O)c2)C1O)c1cc(O)c(O)c(O)c1,0,training
CCOC(=O)c1ccc(C#Cc2ccc3c(c2)C(C)(C)CCS3)nc1,0,training
CN1C(=O)C(O)N=C(c2ccccc2)c2cc(Cl)ccc21,0,training
COc1cc(C2c3cc4c(cc3C(OC3OC(C)C(OC(O)c5cccs5)C(O)C3O)C3COC(=O)C23)OCO4)cc(OC)c1O,0,training
CC(C)(C)NCC(O)c1cc(O)cc(O)c1,0,training
CCCCCCC(=O)OC1CCC2C3CCC4=CC(=O)CCC4(C)C3CCC12C,0,training
CCCCNc1ccc(C(=O)OCCN(C)C)cc1,0,training
Cn1c(=O)c2[nH]cnc2n(C)c1=O,0,training
OCCSCCCCCCCCCCSCCO,0,training
NC(=O)c1csc(C2OC(CO)C(O)C2O)n1,0,training
CC(C)(C)NCC(O)COc1nsnc1N1CCOCC1,0,training
Clc1ccc(C(Cn2ccnc2)OCc2ccsc2Cl)c(Cl)c1,0,training
Nc1n[n+](O)c2ccccc2[n+]1O,0,training
COC1C(OC(=O)NC(=O)CCl)CCC2(CO2)C1C1(C)OC1CC=C(C)C,0,training
Cc1cccc(C)c1NC(=O)C(C)N,0,training
CC(=O)Oc1c(C)c(C)c2c(c1C)CCC(C)(CCCC(C)CCCC(C)CCCC(C)C)O2,0,training
CCC1(O)C(=O)OCc2c1cc1n(c2=O)Cc2cc3c(CN(C)C)c(O)ccc3nc2-1,0,training
COc1ccc(C=CC(=O)Nc2ccccc2C(=O)O)cc1OC,0,training
N[C@@H]1C[C@H]1c1ccccc1,0,training
O=C(O)Cc1cc(I)c(Oc2ccc(O)c(I)c2)c(I)c1,0,training
CC12C=CC(=O)C=C1CCC1C3CC(O)C(O)(C(=O)CO)C3(C)CC(O)C12F,0,training
CC1(C)OC2CC3C4CCC5=CC(=O)C=CC5(C)C4(F)C(O)CC3(C)C2(C(=O)CO)O1,0,training
Cc1nnc2n1-c1ccc(Cl)cc1C(c1ccccc1Cl)=NC2,0,training
COP(=O)(OC)C(O)C(Cl)(Cl)Cl,0,training
O=C(O)C(Cl)(Cl)Cl,0,training
Oc1cc(Cl)ccc1Oc1ccc(Cl)cc1Cl,0,training
CN(C)CCCN1c2ccccc2Sc2ccc(C(F)(F)F)cc21,0,training
O=c1[nH]c(=O)n(C2CC(O)C(CO)O2)cc1C(F)(F)F,0,training
COc1cc(NCc2ccc3nc(N)nc(N)c3c2C)cc(OC)c1OC,0,training
NC(CO)(CO)CO,0,training
NC(Cc1c[nH]c2ccccc12)C(=O)O,0,training
CC(C)(C)CC(C)(C)c1ccc(O)cc1,0,training
NC(N)=O,0,training
C[C@H](CCC(=O)O)[C@H]1CC[C@H]2[C@@H]3[C@@H](O)C[C@@H]4C[C@H](O)CC[C@]4(C)[C@H]3CC[C@@]21C,0,training
CC(C)C(N)C(=O)OCCOCN1C=NC2C(=O)NC(N)=NC21,0,training
CC(=O)OC1CC2CCC3C(CCC4(C)C3CC([N+]3(C)CCCCC3)C4OC(C)=O)C2(C)CC1N1CCCCC1,0,training
C=CC(N)CCC(=O)O,0,training
C=C1CCC(O)CC1=CC=C1CCCC2(C)C1CCC2C(C)CCCC(C)C,0,training
CC(=O)CC(c1ccccc1)c1c(O)c2ccccc2oc1=O,0,training
Cc1cccc(C)c1NC(=O)c1cc(S(N)(=O)=O)c(Cl)cc1O,0,training
COC(=O)C1C(O)CCC2CN3CCc4c([nH]c5ccccc45)C3CC21,0,training
Cc1cc(CC(=O)O)n(C)c1C(=O)c1ccc(Cl)cc1,0,training
ClC1C(Cl)C(Cl)C(Cl)C(Cl)C1Cl,1,valid
Cc1c([N+](=O)[O-])cc([N+](=O)[O-])cc1[N+](=O)[O-],1,valid
Nc1nc(NC2CC2)c2ncn([C@H]3C=C[C@@H](CO)C3)c2n1,1,valid
CC(=O)Nc1ccc(O)cc1,1,valid
CC(=O)Nc1nnc(S(N)(=O)=O)s1,1,valid
CC(C)(C)C(=O)OCOP(=O)(COCCn1cnc2c(N)ncnc21)OCOC(=O)C(C)(C)C,1,valid
CC(N)C(=O)NC(C)C(=O)NC1C2CN(c3nc4c(cc3F)c(=O)c(C(=O)O)cn4-c3ccc(F)cc3F)CC21,1,valid
Oc1ncnc2[nH]ncc12,1,valid
CCCN(CCC)C(=O)Cc1c(-c2ccc(Cl)cc2)nc2ccc(Cl)cn12,1,valid
CCCCc1oc2ccccc2c1C(=O)c1cc(I)c(OCCN(CC)CC)c(I)c1,1,valid
CC1(C)S[C@@H]2[C@H](NC(=O)[C@H](N)c3ccc(O)cc3)C(=O)N2[C@H]1C(=O)O,1,valid
CC1(C)S[C@@H]2[C@H](NC(=O)[C@H](N)c3ccccc3)C(=O)N2[C@H]1C(=O)[O-],1,valid
Oc1cccc2cc3cccc(O)c3c(O)c12,1,valid
O=C1C(O)=C(O)OC1C(O)CO,1,valid
COC(=O)NC(C(=O)NC(Cc1ccccc1)C(O)CN(Cc1ccc(-c2ccccn2)cc1)NC(=O)C(NC(=O)OC)C(C)(C)C)C(C)(C)C,1,valid
CC(C)NCC(O)COc1ccc(CC(N)=O)cc1,1,valid
O=C(CCN1CCN2CCCC2C1)N1c2ccccc2Sc2ccc(Cl)cc21,1,valid
N#[N+]/C=C(\[O-])OC[C@H](N)C(=O)O,1,valid
O=C(O)COc1nn(Cc2ccccc2)c2ccccc12,1,valid
CCc1oc2ccccc2c1C(=O)c1ccc(O)cc1,1,valid
CCc1oc2ccccc2c1C(=O)c1cc(Br)c(O)c(Br)c1,1,valid
CNCCc1ccccn1,1,valid
CC1(C)CCC2=C(O1)c1ccccc1C(=O)C2=O,1,valid
CCC(CCC(C)C1CCC2C3CC=C4CC(O)CCC4(C)C3CCC12C)C(C)C,1,valid
C=C(C)C1CCC2(C(=O)O)CCC3(C)C(CCC4C5(C)CCC(O)C(C)(C)C5CCC43C)C12,1,valid
Oc1c(Cl)cc(Cl)cc1Sc1cc(Cl)cc(Cl)c1O,1,valid
CCCCCOC(=O)Nc1nc(=O)n(C2OC(C)C(O)C2O)cc1F,1,valid
COc1cc(CNC(=O)CCCC/C=C/C(C)C)ccc1O,1,valid
C[C@H](CS)C(=O)N1CCC[C@H]1C(=O)O,1,valid
CCN1CCN(C(=O)NC(C(=O)NC2C(=O)N3C(C(=O)O)=C(CSc4nnnn4C)CSC23)c2ccc(O)cc2)C(=O)C1=O,1,valid
CC=CC1=C(C(=O)O)N2C(=O)C(NC(=O)C(N)c3ccc(O)cc3)C2SC1,1,valid
CON=C(C(=O)NC1C(=O)N2C(C(=O)O)=CCSC12)c1csc(=N)[nH]1,1,valid
Cc1ccc(-c2cc(C(F)(F)F)nn2-c2ccc(S(N)(=O)=O)cc2)cc1,1,valid
O=C(Cc1cccs1)N[C@@H]1C(=O)N2C(C(=O)[O-])=C(C[n+]3ccccc3)CS[C@H]12,1,valid
CC(=O)OCC1=C(C(=O)O)N2C(=O)C(NC(=O)CCCC(N)C(=O)O)C2SC1,1,valid
COCc1c(C(C)C)nc(C(C)C)c(/C=C/[C@@H](O)C[C@@H](O)CC(=O)O)c1-c1ccc(F)cc1,1,valid
O=C(O)COCCN1CCN(C(c2ccccc2)c2ccc(Cl)cc2)CC1,1,valid
CC(=O)OC1(C(C)=O)CCC2C3C=C(Cl)C4=CC(=O)CCC4(C)C3CCC21C,1,valid
ClC(Cl)Cl,1,valid
O=C(O)c1cc(-c2ccccc2)nc2ccccc12,1,valid
CC(C)(Oc1ccc(C2CC2(Cl)Cl)cc1)C(=O)O,1,valid
COc1cc2c(c(OC)c1OC)-c1ccc(OC)c(=O)cc1C(NC(C)=O)CC2,1,valid
CC1=C2CC3C(CC=C4CC(O)CCC43C)C2CCC12OC1CC(C)CNC1C2C,1,valid
Clc1ccc(Cl)cc1,1,valid
Cc1onc(-c2c(Cl)cccc2Cl)c1C(=O)N[C@@H]1C(=O)N2[C@@H](C(=O)O)C(C)(C)S[C@H]12,1,valid
O=c1nc[nH]c2c1ncn2[C@H]1CC[C@@H](CO)O1,1,valid
CCC(=C(CC)c1ccc(OP(=O)(O)O)cc1)c1ccc(OP(=O)(O)O)cc1,1,valid
CN1CC(C(=O)NC2(C)OC3(O)C4CCCN4C(=O)C(Cc4ccccc4)N3C2=O)CC2c3cccc4[nH]cc(c34)CC21,1,valid
CS(C)=O,1,valid
O=[N+]([O-])c1cccc(O)c1[N+](=O)[O-],1,valid
CCCC(CCC)C(=O)[O-],1,valid
C=C(C)[C@H]1CC=C(C)CC1,1,valid
CN(C)CCC=C1c2ccccc2CSc2ccccc21,1,valid
O=C1Nc2ccc(Cl)cc2C(C#CC2CC2)(C(F)(F)F)O1,1,valid
COc1ccc(C(=O)Nc2ccccc2CCC2CCCCN2C)cc1,1,valid
C[C@]12CC[C@@H]3c4ccc(O)cc4CC[C@H]3[C@@H]1CC[C@@H]2O,1,valid
C[C@]12CCC3c4ccc(O)cc4CCC3C1CC[C@@H]2O[C@@H]1O[C@H](C(=O)O)[C@@H](O)[C@H](O)[C@H]1O,1,valid
NC(N)=Nc1nc(CSCCC(N)=NS(N)(=O)=O)cs1,1,valid
CC(C(=O)O)c1cccc(Oc2ccccc2)c1,1,valid
O=c1[nH]c(=O)n([C@@H]2O[C@H](CO)[C@@H](O)[C@@H]2F)cc1I,1,valid
CN1CCC(c2c(O)cc(O)c3c(=O)cc(-c4ccccc4Cl)oc23)C(O)C1,1,valid
OC(Cn1cncn1)(Cn1cncn1)c1ccc(F)cc1F,1,valid
CNCCC(Oc1ccc(C(F)(F)F)cc1)c1ccccc1,1,valid
Nc1nc(=O)c2nc(CNc3ccc(C(=O)NC(CCC(=O)O)C(=O)O)cc3)cnc2[nH]1,1,valid
CC1OC1P(=O)(O)O,1,valid
CC(=O)OC1CC2(C)C(CC(O)C3C4(C)CCC(O)C(C)C4CCC32C)C1=C(CCC=C(C)C)C(=O)O,1,valid
COC1=C2CC(C)CC(OC)C(O)C(C)C=C(C)C(OC(N)=O)C(OC)C=CC=C(C)C(=O)NC(=CC1=O)C2=O,1,valid
O=C(OCC(O)CO)c1ccccc1Nc1ccnc2cc(Cl)ccc12,1,valid
NC(Cc1ccc(O)cc1)C(=O)O,1,valid
COc1ccc(Cl)cc1C(=O)NCCc1ccc(S(=O)(=O)NC(=O)NC2CCCCC2)cc1,1,valid
N=C(N)NCCN1CCCCCCC1,1,valid
COc1ccc(C2CC(=O)c3c(O)cc(OC4OC(COC5OC(C)C(O)C(O)C5O)C(O)C(O)C4O)cc3O2)cc1O,1,valid
COC(=O)CC(O)(CCCC(C)(C)O)C(=O)OC1C(OC)=CC23CCCN2CCc2cc4c(cc2C13)OCO4,1,valid
NS(=O)(=O)c1cc2c(cc1Cl)NCNS2(=O)=O,1,valid
CC(C)Cc1ccc(C(C)C(=O)O)cc1,1,valid
Cc1ccc(NC(=O)c2ccc(CN3CCN(C)CC3)cc2)cc1Nc1nccc(-c2cccnc2)n1,1,valid
CN(C)CCCN1c2ccccc2CCc2ccccc21,1,valid
CC(C)NNC(=O)COc1ccc(Cl)cc1,1,valid
FC(F)OC(Cl)C(F)(F)F,1,valid
NNC(=O)c1ccncc1,1,valid
CC(=O)N1CCN(c2ccc(OC[C@H]3CO[C@](Cn4ccnc4)(c4ccc(Cl)cc4Cl)O3)cc2)CC1,1,valid
CC(C(=O)O)c1cccc(C(=O)c2ccccc2)c1,1,valid
CC(CCc1ccccc1)NCC(O)c1ccc(O)c(C(N)=O)c1,1,valid
Nc1ccn([C@H]2CS[C@@H](CO)O2)c(=O)n1,1,valid
Nc1nnc(-c2cccc(Cl)c2Cl)c(N)n1,1,valid
Cc1c(OCC(F)(F)F)ccnc1CS(=O)c1nc2ccccc2[nH]1,1,valid
CCC(C(N)=O)N1CCCC1=O,1,valid
Cc1cccc(C)c1OCC(=O)NC(Cc1ccccc1)C(O)CC(Cc1ccccc1)NC(=O)C(C(C)C)N1CCCNC1=O,1,valid
O=c1ccc(=O)[nH][nH]1,1,valid
Cc1cccc(Nc2ccccc2C(=O)O)c1C,1,valid
CC(=O)OC1(C(C)=O)CCC2C3C=C(C)C4=CC(=O)CCC4(C)C3CCC21C,1,valid
Cc1ccc(C(C)C)c(O)c1,1,valid
CCOC(=O)C1(c2ccccc2)CCN(C)CC1,1,valid
CCCC(C)(COC(N)=O)COC(N)=O,1,valid
Nc1ccc(O)c(C(=O)O)c1,1,valid
Cn1ccnc1S,1,valid
CC(N)(Cc1ccc(O)c(O)c1)C(=O)O,1,valid
CN(C)c1ccc2nc3ccc(N(C)C)cc3[s+]c2c1,1,valid
COCCc1ccc(OCC(O)CNC(C)C)cc1,1,valid
Cc1cccc(C)c1OCC(C)N,1,valid
O=C1c2c(O)ccc(O)c2C(=O)c2c(NCCNCCO)ccc(NCCNCCO)c21,1,valid
CCOC(=O)Nc1ccc2c(c1)N(C(=O)CCN1CCOCC1)c1ccccc1S2,1,valid
COc1c(C)c2c(c(O)c1CC=C(C)CCC(=O)O)C(=O)OC2,1,valid
COc1c(C)c2c(c(O)c1CC=C(C)CCC(=O)OCCN1CCOCC1)C(=O)OC2,1,valid
O=C(O)c1cccnc1,1,valid
COCCOC(=O)C1=C(C)NC(C)=C(C(=O)OC(C)C)C1c1cccc([N+](=O)[O-])c1,1,valid
CCOC(=O)C1=C(C)NC(C)=C(C(=O)OC)C1c1cccc([N+](=O)[O-])c1,1,valid
CN1Cc2c(N)cccc2C(c2ccccc2)C1,1,valid
C#C[C@]1(O)CC[C@H]2[C@@H]3CCC4=CC(=O)CC[C@@H]4[C@H]3CC[C@@]21C,1,valid
CNCCC=C1c2ccccc2CCc2ccccc21,1,valid
Oc1ccccc1Br,1,valid
Cc1onc(-c2ccccc2)c1C(=O)NC1C(=O)N2C1SC(C)(C)C2C(=O)O,1,valid
NC(=O)N1c2ccccc2CC(=O)c2ccccc21,1,valid
Fc1ccc([C@@H]2CCNC[C@H]2COc2ccc3c(c2)OCO3)cc1,1,valid
CC1(C)SC2C(NC(=O)Cc3ccccc3)C(=O)N2C1C(=O)O,1,valid
CSCCC(NC(=O)C(Cc1c[nH]c2ccccc12)NC(=O)CCNC(=O)OCC(C)C)C(=O)NC(CC(=O)O)C(=O)NC(Cc1ccccc1)C(N)=O,1,valid
CN1CCN(CCCN2c3ccccc3Sc3ccccc32)CC1,1,valid
CCOc1ccc(NC(C)=O)cc1,1,valid
Oc1ccccc1,1,valid
CCC(c1ccccc1)c1c(O)oc2ccccc2c1=O,1,valid
C[C@]12CC(=O)[C@H]3[C@@H](CCC4=CC(=O)C=C[C@@]43C)[C@@H]1CC[C@]2(O)C(=O)CO,1,valid
CC(C)(Sc1cc(C(C)(C)C)c(O)c(C(C)(C)C)c1)Sc1cc(C(C)(C)C)c(O)c(C(C)(C)C)c1,1,valid
CNNCc1ccc(C(=O)NC(C)C)cc1,1,valid
CN1CCN(CCCN2c3ccccc3Sc3ccc(Cl)cc32)CC1,1,valid
CCCNCC(O)COc1ccccc1C(=O)CCc1ccccc1,1,valid
COc1ccc(CC(N)C(=O)NC2C(CO)OC(n3cnc4c(N(C)C)ncnc43)C2O)cc1,1,valid
CCc1nc(N)nc(N)c1-c1ccc(Cl)cc1,1,valid
COC1C=COC2(C)Oc3c(C)c(O)c4c(O)c(cc(O)c4c3C2=O)NC(=O)C(C)=CC=CC(C)C(O)C(C)C(O)C(C)C(OC(C)=O)C1C,1,valid
CC(NCCc1ccc(O)cc1)C(O)c1ccc(O)cc1,1,valid
CN(CCOc1ccc(CC2SC(=O)NC2=O)cc1)c1ccccn1,1,valid
Cc1cc(C)c(C=C2C(=O)Nc3ccccc32)[nH]1,1,valid
C=C1C(=CC=C2CCCC3(C)C2CCC3C(C)C=CC=CC(O)(CC)CC)CC(O)CC1O,1,valid
CCCc1nn(C)c2c(=O)[nH]c(-c3cc(S(=O)(=O)N4CCN(C)CC4)ccc3OCC)nc12,1,valid
CNC(=O)c1cc(Oc2ccc(NC(=O)Nc3ccc(Cl)c(C(F)(F)F)c3)cc2)ccn1,1,valid
O=C1c2ccccc2-c2n[nH]c3cccc1c23,1,valid
CN[C@H]1[C@@H](O)[C@@H](NC)[C@H](O)[C@H]2O[C@@H]3O[C@H](C)CC(=O)[C@]3(O)O[C@H]12,1,valid
CC12Cc3cn[nH]c3CC1CCC1C2CCC2(C)C1CCC2(C)O,1,valid
Cc1[nH]c(C=C2C(=O)Nc3ccccc32)c(C)c1CCC(=O)O,1,valid
O=C(O)C(S)C(S)C(=O)O,1,valid
O=C(O)C1=C/C(=N/Nc2ccc(S(=O)(=O)Nc3ccccn3)cc2)C=CC1=O,1,valid
CN1C(C(=O)Nc2ccccn2)=C(O)c2sccc2S1(=O)=O,1,valid
c1ccc2[nH]c(-c3cscn3)nc2c1,1,valid
CSc1ccc2c(c1)N(CCC1CCCCN1C)c1ccccc1S2,1,valid
NC(Cc1cc(I)c(Oc2cc(I)c(O)c(I)c2)c(I)c1)C(=O)O,1,valid
CCCCNC(=O)NS(=O)(=O)c1ccc(C)cc1,1,valid
Cc1ccc(C(=O)c2cc(O)c(O)c([N+](=O)[O-])c2)cc1,1,valid
COc1ccc2c(C(=S)N(C)CC(=O)O)cccc2c1C(F)(F)F,1,valid
CN(C)CCOc1ccc(C(=C(CCCl)c2ccccc2)c2ccccc2)cc1,1,valid
NCC1CCC(C(=O)O)CC1,1,valid
O=c1n(CCCN2CCN(c3cccc(Cl)c3)CC2)nc2ccccn12,1,valid
NCCNCCNCCN,1,valid
COc1ccc(CN2CCNCC2)c(OC)c1OC,1,valid
COc1ccc(C(=O)N2CCN(c3ccc4c(c3)CCC(=O)N4)CC2)cc1OC,1,valid
CCCC(NC(=O)C1C2CCCC2CN1C(=O)C(NC(=O)C(NC(=O)c1cnccn1)C1CCCCC1)C(C)(C)C)C(=O)C(=O)NC1CC1,1,valid
CC(c1cc2ccccc2s1)N(O)C(N)=O,1,valid
CC(=O)Nc1cccc(O)c1,0,valid
NC(=O)c1ncn(C2OC(CO)C(O)C2O)c1N,0,valid
NC(=O)NC1NC(=O)NC1=O,0,valid
CC(=O)OCC(=O)C12OC3(CCCC3)OC1CC1C3CCC4=CC(=O)C=CC4(C)C3(F)C(O)CC12C,0,valid
NN=C(N)N,0,valid
CN1CCc2cccc3c2C1Cc1ccc(O)c(O)c1-3,0,valid
Cn1cnc2c(F)c(Nc3ccc(Br)cc3Cl)c(C(=O)NOCCO)cc21,0,valid
O=C(O)CCCCCCCC(=O)O,0,valid
CCOC(=O)OC(C)OC(=O)C1N2C(=O)C(NC(=O)C(N)c3ccccc3)C2SC1(C)C,0,valid
CN(C)C(=O)Oc1cc(OC(=O)N(C)C)cc(C(O)CNC(C)(C)C)c1,0,valid
CC(=O)Nc1ccc(OC(=O)c2ccccc2OC(C)=O)cc1,0,valid
CCc1oc2ccccc2c1C(=O)c1cc(I)c(O)c(I)c1,0,valid
O=C(OOC(=O)c1ccccc1)c1ccccc1,0,valid
CC(C)NCC(O)COc1ccc(CCOCC2CC2)cc1,0,valid
CCCCOCN(C(=O)CCl)c1c(CC)cccc1CC,0,valid
CCN1CCN(C(=O)N[C@@H](C(=O)N[C@@H]2C(=O)N3C(C(=O)O)=C(CSc4nnnn4C)CS[C@H]23)c2ccc(O)cc2)C(=O)C1=O,0,valid
COCC1=C(C(=O)OC(C)OC(=O)OC(C)C)N2C(=O)C(NC(=O)C(=NOC)c3csc(N)n3)C2SC1,0,valid
CCCCCCCCCCCCCCCC[N+](C)(C)C,0,valid
Cc1ccc(S(=O)(=O)NCl)cc1,0,valid
Cc1cc(O)cc(C)c1Cl,0,valid
C[N+](C)(C)OP(=O)([O-])OP(=O)(O)OC[C@H]1O[C@@H](n2ccc(N)nc2=O)[C@H](O)[C@@H]1O,0,valid
Clc1ccccc1C(c1ccccc1)(c1ccccc1)n1ccnc1,0,valid
CN(CC(=O)O)C(=N)N,0,valid
O=C(O)c1cc(=O)c2c(OCC(O)COc3cccc4oc(C(=O)O)cc(=O)c34)cccc2o1,0,valid
CC1CC(OC(=O)C(O)c2ccccc2)CC(C)(C)C1,0,valid
Clc1ccc(C(c2ccc(Cl)cc2)C(Cl)(Cl)Cl)cc1,0,valid
CC(CCC(=O)O)C1CCC2C3C(=O)CC4CC(=S)CCC4(C)C3CC(=O)C12C,0,valid
CCNC(C)Cc1cccc(C(F)(F)F)c1,0,valid
CC12CCCCCC(Cc3ccc(O)cc31)C2N,0,valid
COc1ccc(-c2cc(=O)c3c(O)cc(OC4OC(COC5OC(C)C(O)C(O)C5O)C(O)C(O)C4O)cc3o2)cc1O,0,valid
CCNC1CC(C)S(=O)(=O)c2sc(S(N)(=O)=O)cc21,0,valid
CC[N+](C)(C)c1cccc(O)c1,0,valid
CCCCCCCCCCCCCC(=S)Nc1cc(C)c(O)c(C)c1C,0,valid
COc1cccc2c1C(=O)c1c(O)c3c(c(O)c1C2=O)C[C@@](O)(C(=O)CO)C[C@@H]3O[C@H]1C[C@H](N)[C@@H](O)[C@H](C)O1,0,valid
O=C(O)CSCC(=O)NC1CCSC1=O,0,valid
COC(=O)CCc1ccc(OCC(O)CNC(C)C)cc1,0,valid
CCC(=O)Oc1ccc2c(c1)CCC1C2CCC2(C)C(OC(=O)CC)CCC12,0,valid
CC12CCC3c4ccc(OC(=O)c5ccc(N(CCCl)CCCl)cc5)cc4CCC3C1CCC2OC(=O)c1ccc(N(CCCl)CCCl)cc1,0,valid
CCCCC(=O)OC1CCC2C3CCc4cc(O)ccc4C3CCC12C,0,valid
CC12CCC3c4ccc(O)cc4CCC3C1CC(O)C2O,0,valid
CC(C)(C(=O)O)c1ccc(C(O)CCCN2CCC(C(O)(c3ccccc3)c3ccccc3)CC2)cc1,0,valid
CC(C(=O)O)c1ccc2oc(-c3ccc(F)cc3)nc2c1,0,valid
NCC1(CC(=O)O)CCCCC1,0,valid
NC1C(O)OC(CO)C(O)C1O,0,valid
CN1C2CCCC1CC(NC(=O)c1nn(C)c3ccccc13)C2,0,valid
Cc1ccc(C(C)C)cc2c(C)ccc1-2,0,valid
Oc1c(Cl)cc(Cl)c(Cl)c1Cc1c(O)c(Cl)cc(Cl)c1Cl,0,valid
NCCc1cnc[nH]1,0,valid
CCCC(=O)O[C@]1(C(=O)CO)CC[C@H]2[C@@H]3CCC4=CC(=O)CC[C@]4(C)[C@H]3[C@@H](O)C[C@@]21C,0,valid
CC#CCC(C)C(O)C=CC1C(O)CC2CC(=CCCCC(=O)O)CC21,0,valid
CCOC(=O)C(CCc1ccccc1)NC(C)C(=O)n1c(C(=O)O)cn(C)c1=O,0,valid
CC(C)[N+]1(C)C2CCC1CC(OC(=O)C(CO)c1ccccc1)C2,0,valid
O=c1c(-c2ccccc2)coc2ccccc12,0,valid
NCC1OC(OC2C(N)CC(N)C(OC3OC(CO)C(O)C(N)C3O)C2O)C(N)C(O)C1O,0,valid
N=C(N)NCCC[C@H](N)C(=O)O,0,valid
CC1CN(C2CCC(C#N)(c3ccc(F)cc3)CC2)CCC1(C(=O)O)c1ccccc1,0,valid
C[N+](C)(C)CC(O)CC(=O)O,0,valid
CCC(C)C(C)(COC(N)=O)COC(N)=O,0,valid
CN(C)CCOC(=O)COc1ccc(Cl)cc1,0,valid
COC(=O)c1ccccc1O,0,valid
CC[C@@H](CO)NC(=O)[C@@H]1C=C2c3cccc4c3c(cn4C)C[C@H]2N(C)C1,0,valid
CC(=O)Oc1c(C)cc(OCC(O)CNC(C)C)c(C)c1C,0,valid
COCC(=O)O[C@]1(CCN(C)CCCc2nc3ccccc3[nH]2)CCc2cc(F)ccc2[C@@H]1C(C)C,0,valid
CCCCN1CC(O)C(O)C(O)C1CO,0,valid
CCCCC(C)(O)CC=CC1C(O)CC(=O)C1CCCCCCC(=O)OC,0,valid
COc1ccc2cc(CCC(C)=O)ccc2c1,0,valid
CCN(CC1CCC1)C1Cc2ccc(O)c3c2C2(C)C(O3)C(O)CCC12O,0,valid
C=C1CC[C@@]2(O)[C@H]3Cc4ccc(O)c5c4[C@@]2(CCN3CC2CC2)[C@H]1O5,0,valid
CC1CC=CC=CC=CC=CC(OC2OC(C)C(O)C(N)C2O)CC2OC(O)(CC(O)CC3OC3C=CC(=O)O1)CC(O)C2C(=O)O,0,valid
NCC1CC(OC2C(N)CC(N)C(O)C2OC2OC(CO)C(OC3OC(CN)C(O)C(O)C3N)C2O)C(N)C(O)C1O,0,valid
CCN[C@@H]1C[C@H](N)[C@@H](O[C@H]2OC(CN)=CC[C@H]2N)[C@H](O)[C@H]1O[C@H]1OC[C@](C)(O)[C@H](NC)[C@H]1O,0,valid
O=C1CCCC(=O)C1C(=O)c1ccc(C(F)(F)F)cc1[N+](=O)[O-],0,valid
O=C(O)c1cc(=O)[nH]c(=O)[nH]1,0,valid
COc1ccc(C(=O)c2ccccc2)c(O)c1,0,valid
CC(=O)CC1C(=O)C2(C)C(O)CC3OCC3(OC(C)=O)C2CC2(O)CC(OC(=O)C(O)C(NC(=O)c3ccccc3)c3ccccc3)C(C)=C1C2(C)C,0,valid
CC(C)(C)NC[C@H](O)COc1ccccc1C1CCCC1,0,valid
CC(=O)OC1CC2CCC3C(CCC4(C)C3CC(N3CC[N+](C)(C)CC3)C4OC(C)=O)C2(C)CC1N1CC[N+](C)(C)CC1,0,valid
C1CNCCN1,0,valid
COc1cc(C2c3cc4c(cc3C(O)C3COC(=O)C23)OCO4)cc(OC)c1OC,0,valid
CC(C)C1NC(N(C)S(C)(=O)=O)[N]C(C2CCC(F)CC2)C1C=CC(O)CC(O)CC(=O)O,0,valid
CCC(=O)O,0,valid
CN[C@@H]1[C@H](O[C@H]2[C@H](O[C@@H]3[C@@H](N=C(N)N)[C@H](O)[C@@H](N=C(N)N)[C@H](O)[C@H]3O)O[C@@H](C)[C@]2(O)C=O)O[C@@H](CO)[C@H](O)[C@H]1O,0,valid
CN(N=O)C(=O)N[C@H]1[C@@H](O)O[C@H](CO)[C@@H](O)[C@@H]1O,0,valid
CNCC(O)c1ccc(O)cc1,0,valid
Cc1scc2c1N(C(=O)CN1CCN(C)CC1)c1ccccc1NC2=O,0,valid
CC(C)N1CCN(c2ccc(OCC3COC(Cn4cncn4)(c4ccc(Cl)cc4Cl)O3)cc2)CC1,0,valid
CC12CCC(=O)C=C1CCC1C2CCC2(C)C(OC(=O)CCC3CCCC3)CCC12,0,valid
CCCCCCCCCC(=O)CC(=O)OC1CCC2C3CCC4=CC(=O)CCC4(C)C3CCC12C,0,valid
CC12CCC(=O)C=C1CCC1C2CCC2(C)C(OC(=O)Cc3ccccc3)CCC12,0,valid
CCC(=O)OC1CCC2C3CCC4=CC(=O)CCC4(C)C3CCC12C,0,valid
COc1ccccc1Oc1c(NS(=O)(=O)c2ccc(C(C)C)cn2)nc(-c2ccnc(-c3nn[nH]n3)c2)nc1OCCO,0,valid
CN1CCN(CC/C=C2/c3ccccc3Sc3ccc(S(=O)(=O)N(C)C)cc32)CC1,0,valid
CC(C(=O)O)c1ccc(C(=O)c2ccccc2)s1,0,valid
Cc1cccc(Nc2ccncc2S(=O)(=O)NC(=O)NC(C)C)c1,0,valid
O=C1N(Cc2ccccc2)C2C[S]3CCCC3C2N1Cc1ccccc1,0,valid
CC(CN(C)C)CN1c2ccccc2CCc2ccccc21,0,valid
