smiles,Respiratory toxicity,group
OC[C@H]1O[C@](O)(CO)[C@@H](O)[C@@H]1O[C@@H]1O[C@H](CO)[C@H](O)[C@H](O)[C@H]1O,0,test
OCCOCCO,0,test
NCCC(=O)N[C@H](Cc1cnc[nH]1)C(=O)O,0,test
CC(=O)OCC1=C(C(=O)O)N2C(=O)[C@H](NC(=O)CSc3ccncc3)[C@H]2SC1,0,test
O=C(OC1C(OC(=O)c2cccnc2)C(OC(=O)c2cccnc2)C(OC(=O)c2cccnc2)C(OC(=O)c2cccnc2)C1OC(=O)c1cccnc1)c1cccnc1,0,test
O=C(/C=C/c1ccc(O)cc1)C1=C(O)C(O)([C@@H]2O[C@H](CO)[C@@H](O)[C@H](O)[C@H]2O)C2=C(C1=O)C1OC(CO)C(O)C(O)C1O2,0,test
CC(=O)NCc1c(I)c(NC(C)=O)c(I)c(C(=O)O)c1I,0,test
Cc1ccc(N2C(=O)/C(=C/c3ccc([N+](=O)[O-])cc3)NC2=S)cc1,0,test
COc1c(O)cc2occ(-c3ccc(O)cc3)c(=O)c2c1O,0,test
CC[C@H]1C[C@H]2[C@@H]3CCC4=CC(=O)CC[C@@H]4[C@H]3CC[C@]2(C)[C@H]1O,0,test
CCOC(=O)c1ccccc1C(=O)OCC,0,test
N=c1ccn2c(n1)O[C@H]1[C@H](O)[C@@H](CO)O[C@H]12,0,test
Cc1ccc(/C=C2\NC(=S)N(c3ccc(Br)cc3)C2=O)cc1C,0,test
Cc1ccc(C(=O)CCN2CCN(c3ccccc3)CC2)cc1,0,test
NC(=O)c1ccccc1,0,test
Cn1nc(S(N)(=O)=O)s/c1=N/C(=O)c1ccc(Br)cc1,0,test
NC(=O)OC[C@@H](O)COc1ccc2c(c1)CCCC2,0,test
C[C@@H](CO[N+](=O)[O-])O[N+](=O)[O-],0,test
CCCCOCC(O)COCCCC,0,test
CCOC(=O)c1ccc(NC(=O)c2ccc(/N=C3/C(=O)N(C)c4ccc(Cl)cc43)cc2)cc1,0,test
C=C(C)C(=O)N(C)[C@@H](C)[C@@H](O)c1ccccc1,0,test
CCCOC(=O)C[C@H]1NS(=O)(=O)c2ccccc21,0,test
COc1ccc(/C=C2\NC(=S)N(c3ccc(Br)cc3)C2=O)cc1OC,0,test
O=C(COc1cccc2ccccc12)N1CC1,0,test
CC(=O)CCc1ccc(-n2cc3ccccc3n2)cc1,0,test
C1COCCO1,0,test
O=C1CC(c2ccc(OCOc3ccc(C4CC(=O)NC4=O)cc3)cc2)C(=O)N1,0,test
CSc1nn2c(=O)c3c(nc2s1)sc1ccccc13,0,test
O=c1c2cc(-c3ccccc3)sc2nc2scc(-c3ccc(Br)cc3)n12,0,test
CCOC(=O)c1sc2nc3cc(-c4ccc(Cl)cc4)sc3c(=O)n2c1C,0,test
O=C1CCCC[C@H]1Cc1ccc(Cl)cc1,0,test
CCCCn1c(-c2ccc(CC)cc2)cn2c3c(=O)n(C)c(=O)n(C)c3nc12,0,test
CC(=O)N[C@@H](CCC(=O)O)C(=O)O,0,test
COc1cc2c(c(OC)c1OC)-c1ccc(O)c(=O)cc1[C@@H](NC(=O)c1ccccc1)CC2,0,test
O=C(COc1ccc(Cl)cc1)OCCN1CCOCC1,0,test
O=C1C(=O)N(Cc2ccccc2)c2ccc(Br)cc21,0,test
CCCCO[P@@]1(=O)OC(C)(C)C[C@]1(C)O,0,test
O=C1/C(=C\C=C\c2ccccc2)SC(=S)N1CN(CCO)CCO,0,test
O=C1/C(=C\c2cccc(F)c2)SC(=S)N1CN1CCOCC1,0,test
O=c1[nH]nc(-c2ccccc2)s1,0,test
O=C(O)Cc1ccc2c(c1)OCc1ccccc1C2=O,0,test
NC(=O)NC(=O)NCCc1ccccc1,0,test
Cc1ccccc1OC[C@@](C)(O)CO,0,test
O=C1CC(c2ccccc2)C(=O)N1C1CCCCC1,0,test
CCN(CC)CCN1C(=O)CN=C(c2ccccc2F)c2cc(Cl)ccc21,0,test
O=c1ccc(N2CCOCC2)nn1-c1ccccc1,0,test
CC(C)[C@H]1C[C@@H](C)OC1=O,0,test
O=C1/C(=C/c2cccc([N+](=O)[O-])c2)NC(=S)N1c1ccccc1,0,test
NCCCCCCSS(=O)(=O)O,1,test
NS(=O)(=O)c1cc(S(N)(=O)=O)c(Cl)s1,1,test
Cc1[nH]c2ccccc2c1Cc1n[nH]c(=S)n1-c1ccc(Br)cc1,1,test
Cc1[nH]c2ccccc2c1Cc1n[nH]c(=S)n1C1CCCCC1,1,test
Cc1ccc(/N=C2/SCC(=O)N2CCCN2CCOCC2)cc1,1,test
Cc1ccc2nc(C)n(-c3cc(C)no3)c(=O)c2c1,1,test
Cc1ccc2c(=O)n(-c3cc(C)no3)c(C)nc2c1,1,test
FC(F)(F)c1cc(-c2ccccc2)c2nncn2n1,1,test
C=CCN(CC(N)=O)c1ccccc1,1,test
C=CCN(CC=C)C[C@@H](O)Cn1cnc2c1c(=O)n(C)c(=O)n2C,1,test
C[C@H](N)CS(=O)(=O)O,1,test
CC(C)c1ccc2oc3nc(N)c(C(=O)O)cc3c(=O)c2c1,1,test
CC(C)OC(=O)C[C@@H]1NS(=O)(=O)c2ccccc21,1,test
O=C1CN2CCO[Si](c3ccc(F)cc3)(OCC2)O1,1,test
CC(=N\N)/C(=N/O)Nc1ccc(N(C)C)cc1,1,test
CN(C)c1ccc(/N=N/c2ccc(N)cc2)cc1,1,test
O=c1oc2ccc(Cl)cc2n1CN1CCCC1,1,test
CNc1c(C(=O)N(C)C)c(-c2ccccc2)nc2ccccc12,1,test
OCC[C@@H](c1ccco1)N1CCCCC1,1,test
COc1ccc2nc3c(c(N4CCN(c5ccccc5C)CC4)c2c1)CCC3,1,test
Nc1nc(N)c(-c2ccccc2)s1,1,test
CC/N=N/Cc1nnc(-n2c(/C=C/c3ccccc3)nc3ccccc3c2=O)s1,1,test
COc1cc(COCCN(C)C)cc(OC)c1OC,1,test
NC(=O)NO[Sb@@](=O)(O)c1ccc(N)cc1,1,test
CCCn1c(=O)c2c(ncn2CCCC[C@@H](C)O)n(C)c1=O,1,test
O=C(c1c2c(nc3ccccc13)CCCCC2)N1CCOCC1,1,test
Cc1cc(C)n(-c2nc(-c3ccc(O)c(O)c3)cs2)n1,1,test
c1ccc(C2CCCCC2)cc1,1,test
O=C(OC[C@H](O)CO)c1ccccc1Nc1ccnc2c(C(F)(F)F)cccc12,1,test
COc1ccc2c(=O)c(C)c(-c3ccc(F)cc3)oc2c1CN1CCCC1,1,test
OC(CN1CCN(c2ccccc2)CC1)c1ccncc1,1,test
Oc1ccc(Nc2ccccc2)cc1,1,test
CC[C@H]1N2CCc3c(n(C)c4ccccc34)[C@@H]2[C@H]2CCCCN21,1,test
CCCC1(CCC)CN(CCN2CCN(c3cccc(Cl)c3)C2=O)C1,1,test
COc1ccc2ccc(=O)oc2c1CC=C(C)C,1,test
N=C(N)Nc1ccc(C(=O)Oc2ccc([N+](=O)[O-])cc2)cc1,1,test
CCN(CC)CCN(Cc1ccc(Br)cc1)c1ncnc2ccccc12,1,test
Cc1nsc(Cl)c1C(=O)OCCN(C)C,1,test
NS(=O)(=O)c1cc(Cl)sc1Cl,1,test
CCn1nc(C(C)(C)C)c2c1-c1ccccc1C2(O)c1ccccc1,1,test
COc1cc2c(cc1O)C[C@@H]1NCCc3cc(OC)c(OC)c-2c31,1,test
COc1cc2c(cc1O)C[C@@H]1NCCc3cc(O)c(OC)c-2c31,1,test
CCOC(=O)CS(=O)(=O)c1nnc(-c2ccccc2)s1,1,test
CN(C(=O)CF)c1cccc2ccccc12,1,test
CC(=O)c1c(Cl)c(Cl)c(Cl)c(Cl)c1Cl,1,test
CCN(CC)CCN(Cc1ccc(Br)cc1)c1cc(C)ncn1,1,test
CCCCN(CCCC)CCOc1ccnc(N)n1,1,test
COc1ccc(CCN2CCN(c3ccccc3)CC2)cc1OC,1,test
CCOc1ccccc1N1CCN(CCc2ccc(OC)c(OC)c2)CC1,1,test
COc1cc(C=O)cc(C=O)c1O,1,test
CCC1(CC)C(=O)N=C(Nc2ccc(C)cc2)NC1=O,1,test
O=C1CS[C@H](c2ccc(Cl)cc2)N1n1c(-c2ccccc2)nc2ccccc2c1=O,1,test
CC(CN(C)C)CN1c2ccccc2CCc2ccccc21,1,test
CC(C)N1C(c2ccncc2)=NCC1c1ccccc1,1,test
C=C[C@H]1CN2CCc3c([nH]c4ccccc34)[C@H]2C[C@@H]1/C(=C\OC)C(=O)OC,1,test
O=C(O)CCN1c2ccc(O)cc2Sc2ccc(Cl)cc21,1,test
CN1CCN(CCC=C2c3ccccc3Sc3ccc(S(=O)(=O)N(C)C)cc32)CC1,1,test
CN1CCC[C@@H]1CC(=O)c1cccs1,1,test
CC(=O)Nc1ccc(C2=NN(C(C)=O)C(C)Cc3cc4c(cc32)OCO4)cc1,1,test
O=[N+]([O-])c1cc(I)c(O)c(I)c1,1,test
COc1ccc(CCN2CCN(c3ccc(C)c(C)c3)CC2)cc1OC,1,test
CCCCN(CCCC)CC(=O)NN,1,test
CCN1CCC(=O)Nc2ccccc21,1,test
CCC(=O)Nc1ccc(C2=NN(C(=O)CC)C(C)Cc3cc4c(cc32)OCO4)cc1,1,test
Oc1c(Cl)c(Cl)c(Cl)c(Oc2c(Cl)c(Cl)c(Cl)c(Cl)c2Cl)c1Cl,1,test
CCN(CC)Cc1c(OC)ccc2c(=O)c(C)c(-c3ccc(Cl)cc3)oc12,1,test
c1ccc2c(N3CCOCC3)c3ccccc3nc2c1,1,test
FC(F)(F)c1ccc2oc(=S)[nH]c2c1,1,test
CN1C(c2ccccc2O)=NCC1c1ccccc1,1,test
Cc1ccc(S(=O)(=O)N[C@@H](CCCCN)C(=O)CCl)cc1,1,test
O=C(COc1ccc2ccccc2c1)OCCF,1,test
COc1ccc2c(=O)c(C)c(-c3ccccc3)oc2c1CN1CCCCC1,1,test
CC[C@H]1CN(C)[C@@H]2Cc3c([nH]c4ccccc34)C(=O)C[C@@H]1[C@@H]2C(=O)OC,1,test
CCCCNc1c2c(nc3ccccc13)CCCC2,1,test
COc1ccc(CCN2CCN(c3ccccc3OC)CC2)cc1OC,1,test
CC(=O)CC[C@@H](O)c1ccoc1,1,test
C(=N/CCc1ccccc1)\NCCc1ccccc1,1,test
C=C1C2CCC3CC2(CC3(C)O)C2OC(C)(C)OC2C2(O)C1CC(O)C2(C)C,1,test
N#CCCCNCCCC#N,1,test
COC(=O)[C@](F)(Br)C(F)(F)C(F)(F)F,1,test
COc1cc2c3c(c1O)-c1c(cccc1OC)C[C@@H]3N(C)CC2,1,test
Cc1cc2c3ccccc3[n+]1CCCCCCCCCC[n+]1c(C)cc(c3ccccc31)NCCCCCCCCCCN2,1,test
CC(C)(C)CCOC(N)=O,1,test
C[C@H]1CC[C@@H]2[C@@H](C)[C@H]3[C@@H](C[C@@H]4[C@@H]5CC=C6C[C@@H](O[C@@H]7O[C@H](CO)[C@@H](O[C@@H]8O[C@H](C)[C@H](O)[C@@H](O)[C@H]8O)[C@H](O)[C@H]7O[C@@H]7O[C@@H](C)[C@@H](O)[C@@H](O)[C@H]7O)CC[C@@]6(C)[C@H]5CC[C@]43C)N2C1,1,test
CCSC#N,1,test
C=C1[C@@H]2CC[C@@H]3[C@@H](O)[C@@]2(C[C@@H](O)[C@@]2(O)[C@H]1C[C@H](O)C2(C)C)C[C@@]3(C)O,1,test
O=C1C=CC(=O)C=C1,1,test
CC[N+]1(CCO)CC1,1,test
[C-]#N,1,test
CCN(CCI)Cc1ccc(Cl)cc1,1,test
CCO[P@](C)(=O)SCCN(C(C)C)C(C)C,1,test
CN(CCI)Cc1cccc2ccccc12,1,test
COC(C(F)(F)F)C(F)(F)F,0,training
CC(C)(O/N=C(/C(=O)N[C@@H]1C(=O)N2C(C(=O)[O-])=C(C[n+]3ccccc3)CS[C@H]12)c1csc(N)n1)C(=O)O,0,training
CO[C@@]1(NC(=O)CSCC#N)C(=O)N2C(C(=O)O)=C(CSc3nnnn3C)CS[C@@H]21,0,training
CC1(C)C[C@@](C)(O)[P@@](C)(=O)O1,0,training
OCCOCCOCCO,0,training
CC(=O)Nc1ccc(/N=N/c2cc(C)ccc2O)cc1,0,training
COc1cc(Cc2cnc(N)nc2N)cc(OC)c1Br,0,training
COc1c(O)cc2c(c1O)[C@@H]1O[C@H](CO)[C@@H](O)[C@H](O)[C@H]1OC2=O.O,0,training
NS(=O)(=O)c1cc2c(cc1C(F)(F)F)NCNS2(=O)=O,0,training
Cc1ccccc1OC[C@@H](COC(=O)c1cccnc1)OC(=O)c1cccnc1,0,training
CO/N=C(/C(=O)N[C@@H]1C(=O)N2C(C(=O)OCOC(=O)C(C)(C)C)=C(Cn3nnc(C)n3)CS[C@H]12)c1csc(N)n1,0,training
NC(=O)[C@@]1(c2ccccc2)CCC(=O)O1,0,training
OCCO,0,training
C[N+](C)(C)CCOP(=O)([O-])OP(=O)(O)OC[C@H]1O[C@@H](n2ccc(N)nc2=O)[C@H](O)[C@@H]1O,0,training
C[C@@]1(Cn2ccnn2)[C@H](C(=O)O)N2C(=O)C[C@H]2S1(=O)=O,0,training
CO/N=C(/C(=O)N[C@@H]1C(=O)N2C(C(=O)OCOC(=O)C(C)(C)C)=C(/C=C\c3scnc3C)CS[C@H]12)c1csc(N)n1,0,training
NCCCC(=O)O,0,training
N[C@@H](Cc1c[nH]c2ccccc12)C(=O)O,0,training
O=C(O)C=C(c1ccccc1)c1ccccc1,0,training
CN(C)[P@@]1(=O)OC(C)(C)C[C@]1(C)O,0,training
CCOC(=O)C1=C(C)NC(C)=C(C(=O)OCC)C1c1ccc([N+](=O)[O-])o1,0,training
CCSCC[C@H](N)C(=O)O,0,training
COc1c(O[C@@H]2O[C@H](CO)[C@@H](O)[C@H](O)[C@H]2O)cc2occ(-c3ccc(O)cc3)c(=O)c2c1O,0,training
CO[P@@]1(=O)OC(C)(C)C[C@]1(C)O,0,training
NC(=O)c1ccccc1C(N)=O,0,training
CC(=O)NCCCCCCNC(C)=O,0,training
O=C1/C(=C/c2ccc([N+](=O)[O-])cc2)NC(=S)N1c1ccccc1,0,training
O=C1/C(=C/c2ccc3ccccc3c2)NC(=S)N1c1ccccc1,0,training
Cc1ccc(N2C(=O)/C(=C/c3ccc4ccccc4c3)NC2=S)cc1,0,training
O=C1/C(=C/c2ccc3ccccc3c2)NC(=S)N1c1ccc(Cl)cc1,0,training
FC(F)OC(F)(F)C(F)Cl,0,training
C[C@@H]1C[C@H](OC(=O)[C@H](O)c2ccccc2)CC(C)(C)C1,0,training
CCOC(=O)NC(=S)Nc1ccccc1NC(=S)NC(=O)OCC,0,training
O=C1CCCN1,0,training
COc1ccccc1OCC(COC(=O)c1cccnc1)OC(=O)c1cccnc1,0,training
CCOC(=O)[C@H]1O[C@@H]1C(=O)N[C@@H](CC(C)C)C(=O)NCCC(C)C,0,training
NC(=O)[C@@H]1CC(=O)O[C@@H]1c1ccccc1,0,training
CC(O)(CC(=O)O)CC(=O)O,0,training
O=[N+]([O-])OC[C@H](O)CO,0,training
COc1ccccc1OC[C@H](O)COC(=O)c1cccnc1,0,training
O=c1[nH]c(=O)n([C@H]2C[C@H](O)[C@@H](CO)O2)cc1Br,0,training
FC(F)OC(Cl)C(F)(F)F,0,training
O=c1c(O)c(-c2ccc(O)c(O)c2)oc2cc(O)cc(O)c12,0,training
Cc1cc(C)n(-c2nc3ccccc3s2)n1,0,training
COc1ccc(C(=O)CC2(O)C(=O)c3ccccc3C2=O)cc1OC,0,training
Cc1cc(C)n(-c2nc(-c3ccccc3)cs2)n1,0,training
CC(=O)SC[C@@H](C)C(=O)N1CCC[C@H]1C(=O)N[C@@H](Cc1ccccc1)C(=O)O,0,training
COC(=O)C1=C(C)NC(C)=C(C(=O)OC)C1c1ccco1,0,training
CN1CCN(C)C1=O,0,training
O=C1NCCCCN1,0,training
CC1=C(C(C)C)CCCC1,0,training
COC(=O)[C@@H](F)C(F)(F)F,0,training
CCS(=O)(=O)CCn1c([N+](=O)[O-])cnc1C,0,training
CC(=O)Nc1ccc(OCC(O)C(C)O)cc1,0,training
COCCOCCO,0,training
CNc1ccc(O)c2c1C(=O)c1c(NC)ccc(O)c1C2=O,0,training
NC(=O)NC(=O)[C@@H]1CC(=O)O[C@@H]1c1ccccc1,0,training
COCC1=C(C(=O)OC(C)OC(=O)OC(C)C)N2C(=O)[C@@H](NC(=O)/C(=N/OC)c3csc(N)n3)[C@H]2SC1,0,training
CC1=C(C(C)C)CC=CC1,0,training
O=C1/C(=C/c2cccc3ccccc23)NC(=S)N1c1ccc(Cl)cc1,0,training
CCCCCCS(=O)C1CS(=O)(=O)CC1O,0,training
CC(=O)/N=c1/sc(S(N)(=O)=O)nn1C,0,training
CC(C)NNC(=O)CCCO,0,training
NC(=O)OCC1(COC(N)=O)CCCC1,0,training
CC1(C)OC(=O)N(CC[C@@H](O)CO)C1=O,0,training
CC(C)CCNC(=O)[C@H](CC(C)C)NC(=O)[C@H]1O[C@@H]1C(=O)O,0,training
CCOCCOCCO,0,training
Cc1cc(NS(=O)(=O)c2ccc(N)cc2)no1,0,training
C=CCC(CC=C)c1ccccc1,0,training
Cc1ccc(N2C(=O)/C(=C/c3cccc4ccccc34)NC2=S)cc1,0,training
Cn1c(=O)c2c(ncn2CC(O)CN2CCCCC2)n(C)c1=O,0,training
COc1cc(OC)c(C(=O)/N=c2/sc(S(N)(=O)=O)nn2C)cc1OC,0,training
CCO[P@@]1(=O)OC(C)(C)C[C@]1(C)O,0,training
O=C1/C(=C/c2cccc3ccccc23)NC(=S)N1c1ccccc1,0,training
CCN(CC)CCOC(=O)C=C(c1ccccc1)c1ccccc1,0,training
COc1cc(OC)c(C(=O)/N=c2/sc(S(N)(=O)=O)nn2C)c(OC)c1,0,training
CCCCCCCCCCCCCCCCCC(=O)N(C)C,0,training
Cn1c(N)c(N=O)c(=O)n(C)c1=O,0,training
COC(=O)[C@H]1CC(=O)O[C@@H]1c1ccccc1,0,training
NS(=O)(=O)c1csc(S(N)(=O)=O)c1,0,training
Cc1ccccc1/C=C1\NC(=S)N(c2ccc(Br)cc2)C1=O,0,training
Cc1ccc(/C=C2\NC(=S)N(c3ccc(Br)cc3)C2=O)cc1,0,training
Cc1ccc(/C=C2\NC(=S)N(c3ccc(Br)cc3)C2=O)c(C)c1,0,training
COc1cccc(/C=C2\NC(=S)N(c3ccc(Br)cc3)C2=O)c1,0,training
COc1ccc(OC)c(/C=C2\NC(=S)N(c3ccc(Br)cc3)C2=O)c1,0,training
O=C(OCC1COC2(CCCCC2)O1)c1ccccc1O,0,training
O=C(OCC1CSC2(CCCCC2)O1)c1ccccc1O,0,training
O=C1C2=C(CCCC2)C(=O)N1c1nc[nH]n1,0,training
O=C(NCCCc1c[nH]c2ccccc12)c1cccc(Cl)c1,0,training
CCO[Si](OCC)(OCC)C(C)N1CCCC1=O,0,training
COc1cccc(N(C)C(=S)Oc2ccc3c(c2)CCCC3)n1,0,training
Cc1sc(S(N)(=O)=O)cc1S(N)(=O)=O,0,training
CC(=O)O[P@@]1(=O)OCC(C)(C)C[C@]1(C)O,0,training
Fc1ccc(C(c2ccccc2)(c2ccccc2F)n2ccnc2)cc1,0,training
Cc1ncc2c(=O)n(CCCN3CCN(c4cccc(Cl)c4)CC3)c(=S)n(-c3ccccc3)c2n1,0,training
Cc1ncc2c(=O)nc(SCCCN3CCN(c4cccc(Cl)c4)CC3)n(-c3ccccc3)c2n1,0,training
Nc1nc2nc(N)nc3nc(N)nc(n1)-n-2-3,0,training
CC[C@@H]1C(C)=NN=C(c2ccc(OC)c(OC)c2)c2cc(OC)c(OC)cc21,0,training
CCOC(=O)CC(=O)N1CCS[C@H]1COc1ccccc1OC,0,training
COc1ccc(-n2c(-c3ccc(C)cc3)cn3c4c(=O)n(C)c(=O)n(C)c4nc23)cc1,0,training
Cc1ccc(-c2cn3c4c(=O)n(C)c(=O)n(C)c4nc3n2-c2ccccc2)cc1,0,training
CC(=O)OC[C@@H](COc1ccccc1)OC(C)=O,0,training
CC(C)[C@@H](C)[C@@]1(C(=O)NC(N)=O)C[C@H](C)OC1=O,0,training
O=C1CN2CCO[Si](c3cccc(F)c3)(OCC2)O1,0,training
CCOC(=O)CC(=O)N1CCS[C@@H]1COc1ccccc1OC,0,training
Cc1nc(NS(=O)(=O)c2ccc(N)cc2)oc1C,0,training
CS(=O)(=O)c1ccc(-c2cn3[nH]cnc3n2)cc1,0,training
NS(=O)(=O)c1cc2c(cc1C(F)(F)F)NC=NS2(=O)=O,0,training
COc1ccc(C(=O)Cn2c(N3CCCCC3)nc3c2c(=O)n(C)c(=O)n3C)cc1,0,training
CCOCCO,0,training
CCCC(=O)O[C@]1(C(=O)COC(=O)CC)CC[C@H]2[C@@H]3CCC4=CC(=O)CC[C@]4(C)[C@H]3[C@@H](O)C[C@@]21C,0,training
CC(C)c1ccc(C(C)C)cc1,0,training
COc1ccc(OC[C@H](O)CO)cc1,0,training
CCS[P@]1(=O)OC(C)(C)C[C@@]1(C)O,0,training
N#Cc1cccc(C(N)=O)c1,0,training
CC(C)(C=O)CO,0,training
COc1ccc(CCNC(=O)NC(N)=O)cc1,0,training
O=C1c2ccccc2CN2C(=O)c3ccccc3CN12,0,training
COc1ccccc1/C=C1\NC(=S)N(c2ccc(Br)cc2)C1=O,0,training
COc1ncccc1C(=O)N[C@@H](CCC(=O)O)C(=O)O,0,training
Cc1cc(C)c([C@@]2(C)OC[C@@H](COC(N)=O)O2)c(C)c1,0,training
CCC1(C[C@H](O)c2cccnc2)C(=O)NC(=O)NC1=O,0,training
Cc1ccc(S(=O)(=O)NC(=O)N[C@H]2[C@H]3CC[C@@](C)([C@H]2O)C3(C)C)cc1,0,training
Nc1ccc(S(=O)(=O)Nc2cccc[n+]2[O-])cc1,0,training
O=C(O)CCNC(=O)c1cccnc1Cl,0,training
Clc1cc(Cl)c2nc3c(c(N4CCOCC4)c2c1)CCCCC3,0,training
CC(=O)OC[C@H](COc1ccccc1C)OC(C)=O,0,training
CCOC(=O)n1oc2ccccc2c1=O,0,training
CCCCCCCCCCCCCC(=O)N(C)C,0,training
Cn1nc(S(N)(=O)=O)s/c1=N/C(=O)c1ccc(Cl)cc1,0,training
CCOc1ccc(-n2c(-c3ccc(OC)cc3)cn3c4c(=O)n(C)c(=O)n(C)c4nc23)cc1,0,training
O=c1[nH]cc(Br)c(=O)[nH]1,0,training
N[C@@H](CS)C(=O)O,0,training
NS(=O)(=O)c1cc2c(cc1Cl)N=CNS2(=O)=O,0,training
CC(=O)C(O)(O)C(=O)O,0,training
CCOC(=O)C[N+](=O)[O-],0,training
CC(C)(C)C(=O)OCC(=O)c1ccccc1,0,training
CCC(CC)(COC(N)=O)COC(N)=O,0,training
Cc1ccc(C(=O)Cn2c(N3CCCCC3)nc3c2c(=O)n(C)c(=O)n3C)cc1,0,training
O=C1/C(=C/c2ccccc2Cl)NC(=S)N1c1ccc(Br)cc1,0,training
Cc1ccc(-c2cn3c4c(=O)n(C)c(=O)n(C)c4nc3n2-c2ccc(C)cc2)cc1,0,training
CC(=O)OC[C@H](O)COc1ccccc1,0,training
CCOC(=O)[C@H]1CCOC1=O,0,training
Cn1c(=O)c2c(ncn2CCS(C)=O)n(C)c1=O,0,training
Cc1ccc(N2C(=O)/C(=C/c3cccc([N+](=O)[O-])c3)NC2=S)cc1,0,training
CCCCCCCCCCCCS(=O)C1CS(=O)(=O)CC1O,0,training
CC(C)N(C(C)C)C(C(=O)OC[C@@H](O)[C@@H](O)[C@H](O)[C@@H](O)C(=O)O)N(C(C)C)C(C)C,0,training
COc1cccc(OC[C@@H](O)CO)c1,0,training
O=[N+]([O-])c1ccc([N+](=O)[O-])c(O[Si]23OCCN(CCO2)CCO3)c1,0,training
CCCNC(=O)[C@@H](C)Nc1ccc(OCC)cc1,0,training
CN1CCN(C(=O)OC2c3nccnc3C(=O)N2c2ccc(Cl)cn2)CC1,0,training
Cc1ccccc1C(C)C,0,training
CC(=O)OCCO,0,training
CCCCOCC(O)CO,0,training
CN1CCCN(C)C1=O,0,training
NC(=O)NC(=O)NCc1ccccc1,0,training
Cc1c(NC(=O)c2cccnc2)c(=O)n(-c2ccccc2)n1C,0,training
COC(=O)[C@@H]1CC(=O)O[C@@H]1c1ccccc1,0,training
COc1ccc2c(c1OC)C(=O)OC2[C@H]1c2c(cc3c(c2OC)OCO3)CC[N+]1(C)[O-],0,training
Cc1cc(C)[n+]([O-])c(NS(=O)(=O)c2ccc(N)cc2)n1,0,training
CC(C)C(O)=S,0,training
Clc1ccccc1CN1CCc2sccc2C1,0,training
OC[C@@H](O)COc1ccccc1,0,training
COC(=O)Nc1nc2ccccc2[nH]1,0,training
CCC1(C[C@H](O)c2ccccc2)C(=O)NC(=O)NC1=O,0,training
O=C1/C(=C/c2ccc(Cl)cc2)NC(=S)N1c1ccc(Br)cc1,0,training
Cc1ccc(-c2cn3c4c(=O)n(C)c(=O)n(C)c4nc3n2C2CCCCC2)cc1,0,training
O=[N+]([O-])c1cncn1CCN1CCOCC1,0,training
Cc1ccccc1C1CCCCC1=O,0,training
CC[C@]1(c2ccccc2)O[C@@H](COC(N)=O)CS1,0,training
COc1ccc2c(c1OC)C(=O)OC2[C@@H]1c2c(cc3c(c2OC)OCO3)CC[N+]1(C)[O-],0,training
O=Cc1c(O)ccc2ccccc12,0,training
O=C(O)/C=C/c1ccc(O)cc1,0,training
O=C1/C(=C/c2cccc(Cl)c2)NC(=S)N1c1ccc(Br)cc1,0,training
Cc1ncc2c(=O)nc(SCCCN3CCN(c4ccccc4)CC3)n(-c3ccccc3)c2n1,0,training
O=C(c1ccccc1)c1ccc(O)cc1,0,training
Nc1ccc(S(=O)(=O)Nc2ccccn2)cc1,0,training
COc1cc(C(=O)N2CCOCC2)cc(OC)c1OC,0,training
COc1ccc(/C=C2\NC(=S)N(c3ccc(Br)cc3)C2=O)cc1,0,training
COc1cccc(OC[C@@](C)(O)CO)c1,0,training
OCC(O)COC1CCCCC1,0,training
CCCO[P@@]1(=O)OC(C)(C)C[C@]1(C)O,0,training
O=C1CCCO1,0,training
CCC(CC)C(=O)N/C(=C\c1ccc(OC)cc1)C(=O)O,0,training
C[C@@]1([C@H](Br)[C@H](Br)c2ccccc2)NC(=O)N(CN2CCOCC2)C1=O,0,training
O=C1C2=C(CCCC2)C(=O)N1c1ccccn1,0,training
O=C(/C=N/N1CCCNC1=O)c1ccc([N+](=O)[O-])o1,0,training
OC(c1ccc(Cl)cc1)C1CCCCC1,0,training
O=C(COc1ccc(Cl)cc1Cl)NCCN1CCCOCC1,0,training
NCCCC(N)=O,0,training
Cc1cc(C)nc(NS(=O)(=O)c2ccc(N)cc2)n1,0,training
CC(=O)Nc1ccc(CC(=O)O)cc1,0,training
CCC[C@@]1(c2ccccc2)O[C@@H](COC(N)=O)CS1,0,training
O=C1NC(=O)C(c2ccccc2)(c2ccccc2)N1S(=O)(=O)c1ccccc1,0,training
CC(C)C(C)(COC(N)=O)COC(N)=O,0,training
COc1cc2c3c(c1O)Oc1ccc(cc1)C[C@@H]1c4c(cc(OC)c(O)c4Oc4ccc(cc4)C[C@H]3[N@](C)CC2)CC[N@@]1C,0,training
O=C1OC(CN2CCOCC2)CN1/N=C/c1ccc([N+](=O)[O-])o1,0,training
O=C(N/N=C/c1ccc([N+](=O)[O-])o1)c1ccc(O)cc1,0,training
CC(=O)c1ccc(Oc2c(I)cc(C(=O)O)cc2I)cc1I,0,training
C=CCC1(C[C@@H](C)Br)C(=O)NC(=O)NC1=O,0,training
CSCCn1c(=O)oc2ccc(F)cc21,0,training
CN(C)C(=O)n1c(=O)oc2ccccc21,0,training
NC(=O)OCCCn1c(=O)oc2ccccc21,0,training
O=C1c2ccccc2C(=O)N1CCCn1c(=O)oc2cc(Br)c(Cl)cc21,0,training
Cc1ccc(S(=O)(=O)NC(=O)N2C[C@@H]3CC[C@@](C)(C2)C3(C)C)cc1,0,training
C#CCN1C(=O)[C@H]2CC=CC[C@@H]2C1=O,0,training
O=C1CCCCC1C(O)c1ccc(Cl)cc1,0,training
c1ccc(-n2cc3c(c2)CCCC3)cc1,0,training
O=C(COc1ccccc1)N1CC1,0,training
Fc1ccc(-c2cc(-c3ccccc3)c3nncn3n2)cc1,0,training
Cc1ccccc1NCc1nnc(-n2c(/C=C/c3ccccc3)nc3ccccc3c2=O)s1,0,training
Cc1ccccc1OCC(=O)N1CC1,0,training
Cc1ccc(OCC(=O)N2CC2)cc1,0,training
O=C(O)[C@@H]1CS[C@H](c2ccccc2O)N1C(=O)CCS,0,training
COc1cc(N)c(Cl)cc1C(=O)N[C@H]1CCN(CCCOc2ccc(F)cc2)C[C@H]1OC,0,training
O=c1[nH]cc([N+](=O)[O-])c(=O)n1CCNP(=S)(NCCn1c(=O)[nH]cc([N+](=O)[O-])c1=O)NCCn1c(=O)[nH]cc([N+](=O)[O-])c1=O,0,training
CCOC(=O)c1ccc(NC(=O)c2ccc(/N=C3/C(=O)Nc4ccc(Cl)cc43)cc2)cc1,0,training
CCCOC(=O)c1ccc(NC(=O)c2ccc(/N=C3/C(=O)Nc4ccc(Cl)cc43)cc2)cc1,0,training
CCCOC(=O)c1ccc(NC(=O)c2ccc(/N=C3/C(=O)N(C)c4ccc(Cl)cc43)cc2)cc1,0,training
CCOC(=O)c1ccc(NC(=O)c2ccc(/N=C3/C(=O)N(CN4CCOCC4)c4ccc(Cl)cc43)cc2)cc1,0,training
CCCOC(=O)c1ccc(NC(=O)c2ccc(/N=C3/C(=O)N(CN4CCOCC4)c4ccc(Cl)cc43)cc2)cc1,0,training
CCCCOC(=O)c1ccc(NC(=O)c2ccc(/N=C3/C(=O)N(CN4CCCCC4)c4ccc(Cl)cc43)cc2)cc1,0,training
C/C(=N/NC(=O)NS(=O)(=O)c1c(C)cc(C)c2c(C)cc(=O)oc12)c1ccc(O)cc1,0,training
Cc1cc(C)c2c(C)cc(=O)oc2c1S(=O)(=O)NC(=O)NN=C(c1ccccc1)c1ccccc1,0,training
CC(C)(C)OC(=O)N1C(C(N)=O)CSC1c1ccccc1,0,training
CCCc1nnc(N2C(=O)CC(c3ccccc3)(c3ccccc3)C2=O)s1,0,training
O=C1CC(c2ccccc2Cl)C(=O)N1C1CCCCC1,0,training
C[C@](O)(CO)COc1ccccc1,0,training
COC(=O)C[N+](=O)[O-],0,training
S=C1NC(c2ccccc2)(c2ccccc2)C(=S)N1CN1CCOCC1,0,training
CC(=O)c1cc2c(CO)cc(O)cc2oc1=O,0,training
CCN(CC)C(=O)[C@@]1(c2ccccc2)CCC(=O)O1,0,training
Cc1ncc2c(=O)nc(SCCCN3CCN(c4nccs4)CC3)n(-c3ccccc3)c2n1,0,training
CN(C)C(=O)CCCOC(=O)C(C)(C)Oc1ccc(Cl)cc1,0,training
CCOc1ccccc1N1C(=O)C2C3C=CC(C3)C2C1=O,0,training
NCCc1ccc(O)c(O)c1,0,training
CC[C@]1(c2ccccc2)CCOC1=O,0,training
O=C(COc1ccc(Cl)cc1Cl)NCCN1CCOCC1,0,training
CCCCCCSC1CS(=O)(=O)CC1O,0,training
O=[N+]([O-])OCCOCCOCCO[N+](=O)[O-],0,training
OC[C@@H](O)CSc1ccccc1,0,training
CC(=O)n1c(=O)oc2ccccc21,0,training
CN1C(=O)CC[C@H]1c1cccnc1,0,training
C[C@]1(c2ccccc2)OC[C@H](COC(N)=O)O1,0,training
C[C@]1(c2ccc(Br)cc2)OC[C@H](COC(N)=O)O1,0,training
CNC(=O)c1cc(OC)n(-c2cccc(Cl)c2)n1,0,training
C=C(C)C(=O)NCCc1ccc(O)cc1,0,training
Cc1ncc2c(=O)n(CCCN3CCN(c4nccs4)CC3)c(=S)n(-c3ccccc3)c2n1,0,training
COc1nc(C)nc(N)n1,0,training
CC1(/C=C/c2ccccc2)NC(=O)N(CN2CCOCC2)C1=O,0,training
CCN(CC)C(=O)[C@H]1CC(=O)O[C@@H]1c1ccccc1,0,training
COc1ccccc1C(=O)NCC(=O)N(C)C,0,training
Cc1ccc(B2OCC3(CO2)COB(c2ccc(C)cc2)OC3)cc1,0,training
CCCCOCCOCCO,0,training
O=C(COc1ccc(Cl)cc1)NCCN1CCCOCC1,0,training
CC[C@H]1OC(=O)[C@H](C)[C@@H](O[C@H]2C[C@@](C)(OC)[C@@H](O)[C@H](C)O2)[C@H](C)[C@@H](O[C@@H]2O[C@H](C)C[C@H](N(C)C)[C@H]2O)[C@](C)(OC)C[C@@H](C)C(=O)[C@H](C)[C@@H](O)[C@]1(C)O,0,training
Fc1ccccc1C1=NCC(=S)N(CC(F)(F)F)c2ccc(Cl)cc21,0,training
O=c1oc2ccc(Cl)cc2n1CN1CCOCC1,0,training
COCCOc1ccc(NC(C)=O)cc1C(C)=O,0,training
O=C(COc1ccccc1Cl)N1CC1,0,training
O=C(NCc1nc2ccccc2c(=O)n1CCc1ccc(O)c(O)c1)c1ccccc1,0,training
O=C(COc1ccc(Cl)cc1)N1CC1,0,training
Cc1cc(F)ccc1-c1cn[nH]c(=S)n1,0,training
NC(=O)OC[C@@H]1CSCC2(CCCC2)O1,0,training
C[C@H]1CO[C@](C)(c2ccc(Cl)cc2)O1,0,training
CCN(CC)CCOC(=O)c1c(C)nsc1Cl,0,training
O=C(Cc1ccccc1)NC1CCCCC1,0,training
CC(=O)N1C(=O)C(=O)c2ccccc21,0,training
CCOc1nc2cccc(C(=O)OC(C)OC(=O)OC3CCCCC3)c2n1Cc1ccc(-c2ccccc2-c2nnn[nH]2)cc1,0,training
CC(=O)CCC(C)C,0,training
C[S@](=O)c1ccc(-c2cn3cccnc3n2)cc1,0,training
CN(CCc1ccccc1)C(=O)NC(N)=O,0,training
CCCOC(=O)/C=C/c1ccccc1S(N)(=O)=O,0,training
COC(=O)/C=C/c1ccccc1S(N)(=O)=O,0,training
COc1cc(C(=O)N2CCCCCC2)cc(OC)c1OC,0,training
CCOC(=O)C[C@H]1NS(=O)(=O)c2ccccc21,0,training
CCOC(=O)/C=C/c1ccccc1S(N)(=O)=O,0,training
CC(C)OC(=O)/C=C/c1ccccc1S(N)(=O)=O,0,training
CCCCOC(=O)/C=C/c1ccccc1S(N)(=O)=O,0,training
CC1(C)SC[C@@H](COC(N)=O)S1,0,training
NC(=O)OC[C@@H]1CSC2(CCCCCC2)S1,0,training
NC(=O)OC[C@@H]1CSC2(CCCCCCCCCCC2)S1,0,training
CC(C)c1ccc([C@@]2(C)SC[C@@H](COC(N)=O)S2)cc1,0,training
NC(=O)OC[C@@H]1CSC2(CCCCC2)S1,0,training
CCC[C@@H](COC(N)=O)[C@H](C)OC(N)=O,0,training
O=C(O)CCC(=O)c1ccc(-n2cc3ccccc3n2)cc1,0,training
CC(C(=O)NO)c1ccc(-n2cc3ccccc3n2)cc1,0,training
CC(C(N)=O)c1ccc(-n2cc3ccccc3n2)cc1,0,training
Fc1cccc(-n2cc3ccccc3n2)c1,0,training
Fc1ccccc1-n1cc2ccccc2n1,0,training
COc1cccc(-n2cc3ccccc3n2)c1,0,training
Ic1ccc(-n2cc3ccccc3n2)cc1,0,training
N#Cc1cccc(-n2cc3ccccc3n2)c1,0,training
Cc1nn2c(=O)c3cc(-c4ccccc4)sc3nc2s1,0,training
CN(C)CCCn1ncc2c(c1=O)Nc1ccccc1S2(=O)=O,0,training
CCCCCCCCCCCCS(=O)(=O)C1CS(=O)(=O)CC1O,0,training
Cc1ccc2c(c1)C(=O)C(O)=N2,0,training
CC(C)NCC(O)c1ccc(NS(C)(=O)=O)cc1,0,training
Cc1ncc2c(=O)n(CCCN3CCN(c4ncccn4)CC3)c(=S)n(-c3ccccc3)c2n1,0,training
Cc1ccc(OC[C@@](C)(O)CO)cc1,0,training
N#Cc1ccc(C(N)=O)cc1,0,training
CCc1cc2c(s1)-n1c(C)nnc1CN=C2c1ccccc1Cl,0,training
CN1C(=O)[C@H](O)N=C(c2ccccc2Cl)c2cc(Cl)ccc21,0,training
NC(=O)NC(=O)NCCCCc1ccccc1,0,training
NC(N)=Nc1nc(CSCC/C(N)=N\S(N)(=O)=O)cs1,0,training
CCOP(=O)(Cc1ccc(-c2nc3ccccc3s2)cc1)OCC,0,training
CC[C@]1(C)O[C@@H](COC(N)=O)CS1,0,training
O=C1C(=O)N(C(=O)c2ccccc2)c2ccccc21,0,training
CC(C)CN(CCOc1ccnc(N)n1)CC(C)C,0,training
CN(C)S(=O)(=O)c1ccc(CNCCNCc2ccc(S(=O)(=O)N(C)C)cc2)cc1,0,training
Cc1c(NS(=O)(=O)CCN)c(=O)n(-c2ccccc2)n1C,0,training
CCCOP(=O)(CNc1ccc(C(=O)OCC)cc1)OCCC,0,training
CN(C)CCOC(=O)COc1ccc(Cl)cc1,0,training
COC1=C(OC)C(=O)C(CCCCCCCCCCO)=C(C)C1=O,0,training
C[C@H]1CC[C@H]2CN(c3ccccc3)C[C@H]2C1,0,training
O=c1c2c3c(sc2nc2scc(-c4ccc(Br)cc4)n12)CCCC3,0,training
O=C1CC(c2ccc(OCCOc3ccc(C4CC(=O)NC4=O)cc3)cc2)C(=O)N1,0,training
O=C1CC(c2ccc(OCCCCOc3ccc(C4CC(=O)NC4=O)cc3)cc2)C(=O)N1,0,training
O=C1CC(c2ccc(OCCCCCOc3ccc(C4CC(=O)NC4=O)cc3)cc2)C(=O)N1,0,training
O=C1CC(c2ccc(OCCCCCCOc3ccc(C4CC(=O)NC4=O)cc3)cc2)C(=O)N1,0,training
O=C1CC(c2ccc(OCCCCCCCCOc3ccc(C4CC(=O)NC4=O)cc3)cc2)C(=O)N1,0,training
O=C1CC(c2ccc(OCCCCCCCCCOc3ccc(C4CC(=O)NC4=O)cc3)cc2)C(=O)N1,0,training
O=C1CC(c2ccc(OCCCCCCCCCCOc3ccc(C4CC(=O)NC4=O)cc3)cc2)C(=O)N1,0,training
Cc1nn2c(=O)c3sc4ccccc4c3nc2s1,0,training
CCc1nn2c(=O)c3sc4ccccc4c3nc2s1,0,training
CSc1nn2c(=O)c3sc4ccccc4c3nc2s1,0,training
CCSc1nn2c(=O)c3sc4ccccc4c3nc2s1,0,training
O=c1c2sc3ccccc3c2nc2sc(-c3ccccc3)nn12,0,training
CCOc1ccccc1-c1nn2c(=O)c3sc4ccccc4c3nc2s1,0,training
O=c1c2c(nc3sc(-c4ccccc4)nn13)sc1ccccc12,0,training
CCOC(=O)c1sc2nc3sc(-c4ccccc4)cc3c(=O)n2c1C,0,training
CCOC(=O)c1sc2nc3sc4ccccc4c3c(=O)n2c1C,0,training
CCOC(=O)c1sc2nc3sc4c(c3c(=O)n2c1C)CCCC4,0,training
CCOC(=O)c1sc2nc3cc(-c4ccccc4)sc3c(=O)n2c1C,0,training
CCOC(=O)c1sc2nc3c(sc4ccccc43)c(=O)n2c1C,0,training
CCOc1ccc(OC[C@@H](O)CO)cc1,0,training
CCc1ccc(C(=O)Cn2c(Br)nc3c2c(=O)n(C)c(=O)n3C)cc1,0,training
NC(=O)OC[C@H]1COC2(CCCCC2)O1,0,training
Nc1nc(-c2cc(Cl)ccc2Cl)nc(N)[n+]1[O-],0,training
Cc1ncc(Cn2c(C)c(CCO)sc2=O)c(N)n1,0,training
CC(=O)Oc1c(I)cc(I)cc1C(=O)Nc1ccc(Cl)cc1,0,training
O=C1NCCCN1/N=C/c1ccc([N+](=O)[O-])o1,0,training
CCCCOc1ccccc1OC[C@@H](O)CO,0,training
CC(C)Cc1ccc(C(C)C(=O)OCc2ccccn2)cc1,0,training
CC(C=O)Cc1ccc(C(C)(C)C)cc1,0,training
CCN(CC)C(=O)CSc1ccc(Cl)nn1,0,training
CCCCC1C(=O)NN(c2ccccc2)C1=O,0,training
CCN(CC)CCOC(=O)COc1ccc(Cl)cc1,0,training
CN1CCCCN(C)C1=O,0,training
CCOC(=O)[N-]c1c[n+](N2CCOCC2)no1,0,training
NS(=O)(=O)c1cc(C(=O)O)cc(N2CCCC2)c1Oc1ccccc1,0,training
O=c1c2cc(-c3ccccc3)sc2nc2sc(-c3ccccc3)nn12,0,training
CCOc1ccccc1-c1nn2c(=O)c3cc(-c4ccccc4)sc3nc2s1,0,training
CCc1nn2c(=O)c3cc(-c4ccccc4)sc3nc2s1,0,training
COc1ccc2c(=O)c(C)c(-c3ccc(Cl)cc3)oc2c1CN1CCCCC1,0,training
O=C(COc1ccc(Cl)cc1)OCCN1CCCOCC1,0,training
Cc1nnc(N2C(=O)C(C)C(c3ccccc3)C2=O)s1,0,training
CN1C(=O)C(=O)c2ccccc21,0,training
O=CC(=O)c1ccc(F)cc1,0,training
Fc1ccc(-c2cc(C(F)(F)C(F)(F)F)nn3cnnc23)cc1,0,training
O=c1c2ccccc2nc(-c2ccccc2)n1-c1nnc(CN2CCOCC2)s1,0,training
O=c1c2ccccc2nc(/C=C/c2ccccc2)n1-c1nnc(CNc2ccccc2)s1,0,training
Cc1ccccc1NCc1nnc(-n2c(CNc3ccccc3C)nc3ccccc3c2=O)s1,0,training
O=C(COc1ccccc1[N+](=O)[O-])N1CC1,0,training
Cc1cccc(OCC(=O)N2CC2)c1,0,training
O=CC(=O)c1ccc(F)c(F)c1,0,training
CCCc1nnc(N2N=C(C(=O)c3ccccc3)N(c3nnc(CCC)s3)N=C2C(=O)c2ccccc2)s1,0,training
O=C1/C(=C\C=C\c2ccccc2)SC(=S)N1CN1CCN(c2ccccc2)CC1,0,training
O=C1/C(=C\C=C\c2ccccc2)SC(=S)N1CN1CCN(c2ccc(Cl)cc2)CC1,0,training
COc1ccccc1NCc1nnc(-n2c(CNc3ccccc3OC)nc3ccccc3c2=O)s1,0,training
O=C1CS[C@H](c2ccc(O)cc2)N1n1c(-c2ccccc2)nc2ccccc2c1=O,0,training
O=C1CC(c2ccc(Cl)cc2)C(=O)N1C1CCCCC1,0,training
CS[C@@H](NC(=O)c1ccccc1)C(N)=O,0,training
CCOC(=O)CN1C(=O)C(=O)c2ccccc21,0,training
CC(=O)COc1ccc(N2C(=O)C3C4C=CC(C4)C3C2=O)cc1,0,training
Cc1cc(C)n(-c2nc3ccccc3[nH]2)n1,0,training
COc1ccc2c(c1)C(=O)C(=O)N2,0,training
CC1(C)CC[C@]2(C(=O)O[C@@H]3O[C@H](CO)[C@@H](O)[C@H](O)[C@H]3O)CC[C@@]3(C)C(=CC[C@H]4[C@@]5(C)CC[C@@H](O[C@@H]6O[C@H](C(=O)O)[C@@H](O)[C@H](O)[C@H]6O[C@@H]6O[C@H](CO)[C@@H](O)[C@H](O)[C@H]6O)C(C)(C)[C@H]5CC[C@]43C)[C@H]2C1,0,training
CCc1ccc(-c2cn3c4c(=O)n(C)c(=O)n(C)c4nc3n2-c2ccccc2)cc1,0,training
OCc1ccccc1,0,training
Nc1c(-c2ccccc2)nc2ccccn12,0,training
C=CCOc1ccccc1OC[C@@H](O)CO,0,training
CCC1(CC)C(=O)NC(=O)N(C[C@@H](C)O)C1=O,0,training
O=C(OCCN1CCOCC1)C(c1ccccc1)c1ccccc1,0,training
O=C(O)[C@H](Cc1cc(I)c(O)c(I)c1)c1ccccc1,0,training
CC(C)=CCC[C@](C)(O)[C@H]1CC=C(C)CC1,0,training
O=C(O)CN1C(=O)C(=O)c2ccccc21,0,training
CCCC1(CCC)CC(=O)NC(=O)C1,0,training
C[C@@H]1O[C@]12C[C@@H](C)[C@@](C)(O)C(=O)OCC1=CCN(C)CC[C@@H](OC2=O)C1=O,0,training
Cc1cccc(OC[C@@](C)(O)CO)c1,0,training
CCCCCCCC(=O)N(C)C,0,training
CO[C@@H]1[C@@H](O[C@@H]2O[C@H](C)[C@@H](O[C@H]3C[C@@](C)(O)[C@@H](OC(=O)CC(C)C)[C@H](C)O3)[C@H](N(C)C)[C@H]2O)[C@@H](CC=O)C[C@@H](C)[C@@H](O)C=CC=CC[C@@H](C)OC(=O)C[C@H]1O,0,training
CSC1=NC(c2ccccc2)(c2ccccc2)C(=O)N1CN1CCOCC1,0,training
CCOc1c(N2CCOCC2)cnn(C)c1=O,0,training
COc1c(C)cccc1CC(O)CO,0,training
CC1CCCCN1CCCOC(=O)c1ccccc1,0,training
C=CCN(CC=C)CC(=O)OCC,0,training
Cc1cnc(NNC(=N)N)nc1NNC(=N)N,0,training
C[C@]1(c2ccc(Cl)cc2)OC[C@H](COC(N)=O)O1,0,training
Cc1ccccc1SC[C@@H](O)CO,0,training
O=C1C[C@H](N2C(=O)CCC2=O)C(=O)N1c1ccccc1,0,training
Cc1cccc(N2C(=O)C[C@H](N3C(=O)CCC3=O)C2=O)c1,0,training
Cc1ccccc1N1C(=O)CCC(n2c(C)nc3ccccc3c2=O)C1=O,0,training
Cc1cc(=O)c2c(C)ccc(C)c2o1,0,training
CCOC[C@H](O)COc1ccccc1,0,training
COc1ccc(C(=O)N[C@H]2CCC[C@@H]3CCN(C)C[C@H]23)cc1OC,0,training
N[C@@H](Cc1ccc(O)c(O)c1)C(=O)O,0,training
C=Cc1ccc(C)cc1,0,training
NCCCCCNCCSP(=O)(O)O,0,training
C/C=C1\C[C@@H](C)[C@@](C)(O)C(=O)OC[C@H]2CCN3CC[C@@H](OC1=O)[C@@H]23,0,training
C/C=C\c1ccc(OC)c(OC)c1,0,training
O=C(COc1ccc(Cl)cc1)NCCN1CCOCC1,0,training
NS(=O)(=O)c1cc2c(cc1Cl)CN(C1CCCCC1)C2=O,0,training
O=c1c(O)c(-c2ccc(O)cc2O)oc2cc(O)cc(O)c12,0,training
COc1cc2ccn3c(C)nnc3c2cc1OC,0,training
O=C(O)c1ccccc1C(=O)O,0,training
CC(C)(O)[C@H](O)COc1c2ccoc2cc2oc(=O)ccc12,0,training
C[C@H](CN(C)C)OC(=O)COc1ccc(Cl)cc1,0,training
CC1CC(=O)N(C)c2ccccc2N1C,0,training
CCc1nnc(N2C(=O)CC(c3ccccc3)C2=O)s1,0,training
CC1(C)CC[C@]2(C(=O)O[C@@H]3O[C@H](CO)[C@@H](O)[C@H](O)[C@H]3O)CC[C@@]3(C)C(=CC[C@H]4[C@@]5(C)CC[C@@H](O[C@H]6O[C@H](C(=O)O)[C@@H](O[C@@H]7O[C@@H](CO)[C@H](O)[C@H]7O)[C@H](O)[C@H]6O)C(C)(C)[C@H]5CC[C@]43C)[C@H]2C1,0,training
OC[C@@H](O)COc1cccc2cccnc12,0,training
CN(C)CCNC(=O)COc1ccc(Cl)cc1,0,training
C[C@@H]1[C@H](c2ccccc2)OC(=O)NN1C,0,training
O=C(OCCN1CC=CSCC1)C(Oc1ccc(Cl)cc1)Oc1ccc(Cl)cc1,0,training
CC(C)OCC(O)COc1ccccc1,0,training
CC(C)=C[C@@H]1[C@@H](C(=O)OCN2C(=O)C3=C(CCCC3)C2=O)C1(C)C,0,training
CN1CCc2cc3c(cc2[C@]12Cc1ccc4c(c1C2=O)OCO4)OCO3,0,training
O=C(O)C(O)(c1ccccc1)C1CCCCC1,0,training
Cc1cccc(C)c1NC(=O)c1cc(S(N)(=O)=O)c(Cl)cc1O,0,training
O=c1c2cc(Cl)ccc2on1CN1CCCCC1,0,training
COc1cc2c(c(OC)c1OC)-c1c(cc(OC)c(OC)c1OC)C[C@](C)(O)[C@H](C)C2,0,training
O=C1CC(O)CC2C3CCCN4CCCC(CN12)C34,0,training
N=C(N)NNc1ccnc(NNC(=N)N)n1,0,training
Cc1ccc(-c2cn3c4c(=O)n(C)c(=O)n(C)c4nc3n2Cc2ccccc2)cc1.O,0,training
CN1C(=O)CN=C(c2ccccc2)c2cc([N+](=O)[O-])ccc21,0,training
O=C(OCC1(COC(=O)N2CCCCC2)CCO1)N1CCCCC1,0,training
CCOc1cc(OCC)c(C(=O)CCC(=O)O)cc1OCC,0,training
O=C(O)Cc1ccc(-c2ccccc2)cc1,0,training
CC(C)c1ccc([C@@]2(C)OC[C@H](CO)O2)cc1,0,training
CNC(=O)N(C)c1nnc(C(C)(C)C)s1,0,training
CCOC(=O)CN(CC(C)C)CC(C)C,1,training
CCCCCCN(CCCCCC)CC(=O)OCC,1,training
CCCN(CCC)CC(=O)NN,1,training
CSc1ccc(-c2nc3ccccn3c2CN2CCN(CCO)CC2)cc1,1,training
CCNc1nc(CC)nc(OC)n1,1,training
NCCCCCSS(=O)(=O)O,1,training
C[C@H]1SC2(CCN(C(=O)[C@H]3COc4ccccc4O3)CC2)N(c2ccccc2)C1=O,1,training
CCN(CCN(C)C)c1ccccc1,1,training
Cc1cc(NNC(=N)N)nc(NNC(=N)N)n1,1,training
COc1ccccc1NC(=S)NNC(=O)Cc1c(C)[nH]c2ccccc12,1,training
Cc1[nH]c2ccccc2c1CC(=O)NNC(=S)Nc1ccc(Cl)cc1,1,training
Cc1[nH]c2ccccc2c1CC(=O)NNC(=S)Nc1ccc(I)cc1,1,training
Cc1[nH]c2ccccc2c1Cc1n[nH]c(=S)n1-c1ccccc1,1,training
Cc1ccccc1-n1c(Cc2c(C)[nH]c3ccccc23)n[nH]c1=S,1,training
Cc1ccc(-n2c(Cc3c(C)[nH]c4ccccc34)n[nH]c2=S)cc1,1,training
COc1ccccc1-n1c(Cc2c(C)[nH]c3ccccc23)n[nH]c1=S,1,training
Cc1[nH]c2ccccc2c1Cc1n[nH]c(=S)n1-c1ccc(Cl)cc1,1,training
C=CCn1c(Cc2c(C)[nH]c3ccccc23)n[nH]c1=S,1,training
CCCCCOc1ccc(C2SC(=O)NC2=O)cc1OCC,1,training
Cc1cc(-n2cnc3ccccc3c2=O)on1,1,training
Cc1cc(-n2c(C)nc3ccccc3c2=O)on1,1,training
CCc1nc2ccccc2c(=O)n1-c1cc(C)no1,1,training
Cc1cc(-n2c(-c3ccccc3)nc3ccccc3c2=O)on1,1,training
COc1cc(C(=O)NN2CCCCCC2)cc(OC)c1OC,1,training
Cc1cc(-n2c(C)nc3cc(Cl)ccc3c2=O)on1,1,training
Cc1cc(-n2cnc3cc(Cl)ccc3c2=O)on1,1,training
CCc1nc2cc(Cl)ccc2c(=O)n1-c1cc(C)no1,1,training
Cc1cc(-n2c(-c3ccccc3)nc3cc(Cl)ccc3c2=O)on1,1,training
Cc1cc(-n2cnc3ccc(Cl)cc3c2=O)on1,1,training
CCc1nc2ccc(Cl)cc2c(=O)n1-c1cc(C)no1,1,training
Cc1cc(-n2c(-c3ccccc3)nc3ccc(Cl)cc3c2=O)on1,1,training
Cc1ccc2ncn(-c3cc(C)no3)c(=O)c2c1,1,training
CCc1nc2ccc(C)cc2c(=O)n1-c1cc(C)no1,1,training
Cc1ccc2nc(-c3ccccc3)n(-c3cc(C)no3)c(=O)c2c1,1,training
Cc1ccc2c(=O)[nH]c(-c3cc(C)no3)nc2c1,1,training
Cc1ccc2c(=O)n(-c3cc(C)no3)c(-c3ccccc3)nc2c1,1,training
O=c1c2cn[nH]c2nc2sccn12,1,training
Cc1csc2nc3[nH]ncc3c(=O)n12,1,training
O=c1c2cn[nH]c2nc2scc(-c3ccccc3)n12,1,training
O=c1c2cn[nH]c2nc2scc(-c3ccc(Cl)cc3)n12,1,training
O=c1c2cn[nH]c2nc2scc(-c3ccc(Br)cc3)n12,1,training
O=c1c2cn[nH]c2nc2scc(-c3ccc(F)cc3)n12,1,training
Cn1ncc2c(=O)n3c(-c4ccccc4)csc3nc21,1,training
S=c1c2cn[nH]c2nc2scc(-c3ccccc3)n12,1,training
S=c1c2cn[nH]c2nc2scc(-c3ccc(Cl)cc3)n12,1,training
S=c1c2cn[nH]c2nc2scc(-c3ccc(Br)cc3)n12,1,training
C#CC(C)(C)NC(=O)/C=C/c1cc(OC)c(OC)c(OC)c1,1,training
C[C@H](Cc1ccccc1)N[C@@H](C#N)c1ccccc1,1,training
COc1cc(C(=O)N(C)C)nn1-c1cccc(Cl)c1,1,training
CCO[P@@]1(=S)OC(C)(C)C[C@]1(C)O,1,training
CNc1c(C(=O)NCCN(C)C)c(-c2ccccc2)nc2ccccc12,1,training
N#C[C@H]1C(=O)NC(=O)[C@@H](C#N)C12CCCCC2,1,training
O=c1oc2ccc(Cl)cc2n1[C@@H](c1ccccc1)N1CCCCC1,1,training
O=Cc1ccc2c(c1)OCO2,1,training
CC[C@@H]1C[C@@H](C)OC1=O,1,training
C[C@@H]1CNc2c(cccc2S(=O)(=O)N[C@@H](CCCNC(=N)N)C(=O)N2CC[C@@H](C)C[C@@H]2C(=O)O)C1.O,1,training
CCCCCCC1(C)[C@@H](C#N)C(=O)NC(=O)[C@H]1C#N,1,training
O=C1/C(=C\c2ccc(F)cc2)SC(=S)N1CN1CCN(c2ccccc2)CC1,1,training
CCCCCC1(C)C(C#N)C(=O)NC(=O)C1C#N,1,training
COc1ccc(-c2csc(N3CC(=O)NC3=O)n2)cc1,1,training
O=C1/C(=C\c2cccc(F)c2)SC(=S)N1CN1CCN(c2ccccc2)CC1,1,training
CNC(=O)[C@@H]1N=C(c2ccccc2)c2cc(Cl)ccc2NC1=O,1,training
CC(C)C(=O)c1c(C(C)C)nn2ccccc12,1,training
CC(=O)Nc1ccc(OC[C@H](O)CNC(C)C)cc1,1,training
CCCCCCCCCCCCSC1CS(=O)(=O)CC1O,1,training
COc1ccc(C(=O)N[C@H]2CCC[C@@H]3CCN(C)C[C@@H]23)cc1,1,training
Cn1c(=O)c2c(ncn2CC[S@@](=O)Cc2ccccc2)n(C)c1=O,1,training
Cc1[nH]c2ccccc2c1CC(=O)NNC(=S)NC1CCCCC1,1,training
Cc1cccc(-n2c(Cc3c(C)[nH]c4ccccc34)n[nH]c2=S)c1,1,training
COc1ccc(-n2c(Cc3c(C)[nH]c4ccccc34)n[nH]c2=S)cc1,1,training
O=c1[nH]oc2ccc(Br)cc12,1,training
CCCc1nnc(N2C(=O)CC(c3ccc(Cl)cc3)C2=O)s1,1,training
CN1C(C(=O)Nc2ccccn2)=C(O)c2sccc2S1(=O)=O,1,training
CN1CC[C@H]2CCC[C@H](NC(=O)c3ccc(Cl)c(Cl)c3)[C@@H]2C1,1,training
Cc1cc(=O)n(-c2cccc(SC(F)F)c2)n1C,1,training
CCCCc1nc(Cl)c(C(=O)O)n1Cc1ccc(-c2ccccc2-c2nnn[nH]2)cc1,1,training
CCC(Cc1c(I)cc(I)c(O)c1I)C(=O)O,1,training
Cn1c2c(c3ccccc31)CCN1[C@@H]2[C@H]2CCCCN2[C@H]1c1ccccc1,1,training
CCCCCO[P@@]1(=O)OC(C)(C)C[C@]1(C)O,1,training
O=C1C(O)=Nc2ccc(Br)cc21,1,training
CCCCOC[C@@H](O)COc1ccccc1,1,training
O=C1C(=O)N(c2ccccc2)c2ccccc21,1,training
CNC(=O)c1c(-c2ccccc2)nc2ccccc2c1NC,1,training
COc1cc(C(=O)N[C@H]2CCC[C@@H]3CCN(C)C[C@H]23)cc(OC)c1OC,1,training
Cc1cc(=O)n(-c2ccc(SC(F)F)cc2)n1C,1,training
CCCCC1(C)[C@@H](C#N)C(=O)NC(=O)[C@H]1C#N,1,training
Cc1cc(C)c2c(c1)C(=O)C(=O)N2,1,training
CC(C)(S)C(=O)N[C@@H](CS)C(=O)O,1,training
CCOC(=O)c1ccc(NCP(=O)(OCC)OCC)cc1,1,training
CCOC(=O)CSc1nnc(-c2ccccc2)s1,1,training
Cc1cc(=O)n(-c2ccc(S(=O)(=O)C(F)F)cc2)n1C,1,training
Cc1cc(=O)n(-c2cccc(OC(F)F)c2)n1C,1,training
O=C(/C=N/N1CCNC1=O)c1ccc([N+](=O)[O-])o1,1,training
O=c1ccc(-c2ccccc2)nn1CO,1,training
O=[N+]([O-])c1ccc(Cl)c(Cl)c1,1,training
COc1cccc(C=O)c1O,1,training
Nc1ccc(Cl)cc1Cl,1,training
COc1cc(COCCN2CCOCC2)cc(OC)c1OC,1,training
C#CCn1c(=O)oc2ccccc21,1,training
COc1ccc(C[C@H]2NC[C@H](O)[C@H]2OC(C)=O)cc1,1,training
C[C@H](CO)n1nc(-c2ccccc2)ccc1=O,1,training
Cc1[nH]c2ccccc2c1CC(=O)NNC(=S)Nc1ccc(Br)cc1,1,training
CCCCNC(=S)NNC(=O)Cc1c(C)[nH]c2ccccc12,1,training
O=C1[C@H]2CC=CC[C@H]2C(=O)N1C1CCC(OCCN2CCCC2)CC1,1,training
CC(=O)SCC(=O)/N=c1/[nH]c2ccccc2s1,1,training
Cc1ccc(C)c(N2C(=O)CCC(n3c(C)nc4ccccc4c3=O)C2=O)c1,1,training
CC1CCCC(C)N1CCCOC(=O)c1ccccc1,1,training
Cn1c(SCCO)nc2c1c(=O)[nH]c(=O)n2C,1,training
NC(=O)c1ccc(C(=O)NCCN2CCN3Cc4[nH]c5ccccc5c4CC3C2)cc1,1,training
CN1CC[C@H]2CCC[C@H](NC(=O)c3ccccc3)[C@@H]2C1,1,training
C[C@]1(N2CCCCC2)C(=O)Nc2ccccc21,1,training
Cn1c(=O)c2c(nc(SCCO)n2C)n(C)c1=O,1,training
CCN(CC)CCOc1ccc(C(=C(Cl)c2ccccc2)c2ccccc2)cc1,1,training
CN1CC[C@H]2CCC[C@H](NC(=O)c3ccccc3)[C@H]2C1,1,training
Cc1cc(=O)n(-c2ccc(OC(F)F)cc2)n1C,1,training
Nc1c(F)c(F)c(F)c(F)c1F,1,training
CC1(C)Oc2cc(O)c(Cl)cc2C2=C1CCCC2,1,training
COc1cc2c(c(OC)c1O)-c1c(O)c(OC)cc3c1[C@H](CC2)N(C)CC3,1,training
O=C(O)CCCN(CN(C1=NCCN1)C1CCCC1)C(=O)c1ccccc1,1,training
CSc1nccc(=O)n1-c1ccccc1C(F)(F)F,1,training
NC(=O)c1ccc(C(N)=O)cc1,1,training
CCN(CC)C(=O)OCC1(COC(=O)N(CC)CC)COC1,1,training
Cc1[nH]c2ccccc2c1CCNC(=O)c1cccnc1,1,training
CC(C(=O)O)c1ccc(C(=O)c2cccs2)cc1,1,training
Cc1ccccc1NC(=S)NNC(=O)Cc1c(C)[nH]c2ccccc12,1,training
Cc1ccc(N2C(=O)CCC(n3c(C)nc4ccccc4c3=O)C2=O)cc1Cl,1,training
CC(C)(C)NC(=O)[C@H]1CC[C@H]2[C@@H]3CC[C@H]4NC(=O)C=C[C@]4(C)[C@H]3CC[C@]12C,1,training
CNC(=O)N1C(=O)CN=C(c2ccccc2)c2cc([N+](=O)[O-])ccc21,1,training
COc1ccc2c3c1O[C@H]1[C@@H](O)C=C[C@H]4[C@@H](C2)NCC[C@]314,1,training
NC1=NC(=O)[C@H](c2ccccc2)O1,1,training
Cc1nc2ccccc2c(=O)n1[C@H]1CCC(=O)N(c2ccc(C(=O)O)cc2)C1=O,1,training
Cc1nc2ccccc2c(=O)n1C1CCC(=O)N(c2ccc(O)cc2)C1=O,1,training
COc1ccccc1OCCNCC(O)COc1cccc2[nH]c3ccccc3c12,1,training
CCOc1cccc(C=O)c1O,1,training
CCCN1CCN(Cn2nc(-c3ccccc3)ccc2=O)CC1,1,training
COc1cc2c(cc1O)[C@H]1Cc3ccc(O)c(OC)c3CN1CC2,1,training
COc1ccc(OC)c(CCN(C)C(N)=O)c1,1,training
O[C@H](CNc1ccccn1)c1ccccc1,1,training
C[C@H](C(=O)O)c1ccc2c(c1)Cc1cccnc1O2,1,training
CN(C)[C@H]1C(O)=C(C(=O)NCN2CCC[C@H]2C(=O)O)C(=O)[C@]2(O)C(O)=C3C(=O)c4c(O)cccc4[C@@](C)(O)[C@@H]3C[C@H]12,1,training
CN1c2ccccc2Sc2ccc(CC(=O)O)cc21,1,training
NCCS(=O)(=O)N1CCCCC1,1,training
Nc1ccc(O)c(=O)c(Br)c1,1,training
O=C(COc1ccccc1)NCCN1CCOCC1,1,training
Cc1cccc(NC(=S)NNC(=O)Cc2c(C)[nH]c3ccccc23)c1,1,training
CCCCn1c(Cc2c(C)[nH]c3ccccc23)n[nH]c1=S,1,training
COc1ccc(NC(=S)NNC(=O)Cc2c(C)[nH]c3ccccc23)cc1,1,training
OCc1cc(Cl)c2cc(O)c(Oc3cccc4cc(Cl)cnc34)cc2c1,1,training
Cc1cnc(NC(=N)N)nc1NC(=N)N,1,training
Nc1ccccc(Br)c1=O,1,training
Cc1cc(NNC(=N)N)nc(N)n1,1,training
CCOC(=O)C1=C(C)NC(C)=C(C(=O)OCC)C1c1ccc(C(F)(F)F)o1,1,training
Cn1c2cn[nH]c2c(=O)n1-c1ccccc1,1,training
CCc1cccc2c3c([nH]c12)[C@](CC)(CC(=O)O)OCC3,1,training
N=C(N)Nc1ccnc(NC(=N)N)n1,1,training
COc1ccc2c(=O)c(C)c(-c3ccc(F)cc3)oc2c1CN1CCCCC1,1,training
COC1=CC(=O)O[C@H](CCc2ccccc2)C1,1,training
C=CCC1(C[C@H](C)OC)C(=O)NC(=O)NC1=O,1,training
O=C(OCCN1CCCOCC1)C(c1ccccc1)c1ccccc1,1,training
CCCCCCc1cc2c(cc1O)OC(C)(C)C1=C2CCCC1,1,training
Fc1ccc(-c2cc(C(F)(F)F)nn3cnnc23)cc1,1,training
CN(C)Cc1nnc(-n2c(-c3ccccc3)nc3ccccc3c2=O)s1,1,training
Fc1ccc(-c2cn[nH]c(=S)n2)cc1F,1,training
CCc1nnc(N2N=C(C(=O)c3ccccc3)N(c3nnc(CC)s3)N=C2C(=O)c2ccccc2)s1,1,training
O=C1/C(=C\c2cccc(F)c2)SC(=S)N1CN1CCCCC1,1,training
CCc1ccc(-c2cn3c4c(=O)n(C)c(=O)n(C)c4nc3n2-c2ccc(OC)cc2)cc1,1,training
Cc1c(Nc2ccccc2C(=O)O)ccc(O)c1Cl,1,training
Nc1ccc(Cl)c(Cl)c1,1,training
CCN(CC)CCNC(=N)c1ccc(OC(C)C)cc1,1,training
CCCC1(C)[C@H](C#N)C(=O)NC(=O)[C@H]1C#N,1,training
COc1ccc(N2C(=O)CCC(n3c(C)nc4ccccc4c3=O)C2=O)cc1,1,training
CCOC(=O)C1=C(C)NC(C)=C(C(=O)OC)C1c1cccc([N+](=O)[O-])c1,1,training
COc1cc(C(=O)N[C@H]2CCC[C@@H]3CCN(C)C[C@@H]23)cc(OC)c1OC,1,training
Nc1ccc(Oc2ccc(N)cc2)cc1,1,training
COc1cccc(CCN2CCN(c3ccccc3)CC2)c1,1,training
COc1ccc(CCN2CCN(c3ccccn3)CC2)cc1OC,1,training
c1ccc(-c2nnc(-c3ccccc3)[nH]2)cc1,1,training
CC(C)N(CC(=O)NN)C(C)C,1,training
NS(=O)(=O)c1cccs1,1,training
O=S(=O)(O)SCCNCCCCC1CCCCC1,1,training
CN1CCN(CN2C(=O)C(c3ccccc3)(c3ccccc3)NC2=S)CC1,1,training
COc1cc(C(=O)N[C@H]2CCCNC2)cc(OC)c1OC,1,training
Cc1ccc(N2CCN(c3c4c(nc5ccc(C)cc35)CCC4)CC2)cc1,1,training
COc1ccc2nc3c(c(N4CCN(c5ccccc5)CC4)c2c1)CCC3,1,training
COc1ccc2c(n1)Sc1c(N)nc(N)nc1N2,1,training
COc1ccc2c(c1CN1CCOCC1)C(=O)c1ccccc1C2=O,1,training
Cc1cccc(C)c1/N=C1\SCC(=O)N1CCCN1CCOCC1,1,training
CC(=N\N)/C(=N/O)Nc1ccc(Cl)cc1,1,training
CC(=N\N)/C(=N/c1cccc(C)c1)NO,1,training
COc1ccc(-c2cn3c4c(=O)n(C)c(=O)n(C)c4nc3n2-c2ccc(OC)cc2)cc1,1,training
O=c1nc(/C=C/c2ccc(Cl)cc2)[nH]c2ncccc12,1,training
CN(C)/C=N/C1=CC(=O)CC(C)(C)C1,1,training
Cn1ncc2c(=O)n3ccsc3nc21,1,training
Cc1csc2nc3c(cnn3C)c(=O)n12,1,training
CCCCN1CCN(Cn2nc(-c3ccccc3)ccc2=O)CC1,1,training
CN(C)c1ccc(=O)n(-c2ccccc2)n1,1,training
O=c1ccc(-c2ccccc2)nn1CN1CCCCC1,1,training
CCC1(C)[C@H](C#N)C(=O)NC(=O)[C@H]1C#N,1,training
CN1CC[C@H]2CCC[C@H](NC(=O)c3ccc(Cl)cc3)[C@@H]2C1,1,training
CCN(CC)CCNC(=O)COc1ccc(Cl)cc1,1,training
CCN(CC)CCOC(=O)c1cc(C)c(N)c(C)c1,1,training
CCC1(C)C(C#N)C(=O)N(CN2CCOCC2)C(=O)C1C#N,1,training
COC1=C[C@@H]2[C@@H]3Cc4ccc(OC)c(O)c4[C@@]2(CCN3C)CC1=O,1,training
O=C(O)C(=O)C(Cl)Cl,1,training
CC(C)[C@@H](C)N,1,training
O=C(CN1CCN(c2ccccc2)CC1)c1cccnc1,1,training
CN1CC[C@H]2CCC[C@H](NC(=O)c3ccc(Cl)cc3)[C@H]2C1,1,training
OC(CN1CCN(c2cccc(Cl)c2)CC1)c1cccnc1,1,training
S=c1[nH]nc(-c2ccccc2)s1,1,training
Cc1nc2ccccc2c(=O)n1C1CCC(=O)N(c2ccc(S(N)(=O)=O)cc2)C1=O,1,training
Cc1ccc(N2C(=O)CCC(n3c(C)nc4ccccc4c3=O)C2=O)c(C)c1,1,training
Cc1nc2ccccc2c(=O)n1C1CCC(=O)N(c2nccs2)C1=O,1,training
Cc1nc2ccccc2c(=O)n1[C@@H]1CCC(=O)NC1=O,1,training
CC(=O)N(C(C)=O)c1ccc(C2=NN(C(C)=O)C(C)Cc3cc4c(cc32)OCO4)cc1,1,training
C=CCOC(=O)OCCOCCOC(=O)OCC=C,1,training
C[C@@H]1CCCCCCCCCCCCC(=O)C1,1,training
CCCC[C@@H](C(=O)O)C(=O)N(Nc1ccccc1)c1ccccc1,1,training
Cn1c(=O)c2c(ncn2C[C@H](O)CN(Cc2ccccc2)Cc2ccccc2)n(C)c1=O,1,training
CC(C)=CCC1C(=O)N(c2ccccc2)N(c2ccccc2)C1=O,1,training
C=CCC1(CC=C)C(=O)CC(=O)N(C2CCCCC2)C1=O,1,training
Cc1ccc(N2C(=O)CCC(n3c(C)nc4ccccc4c3=O)C2=O)cc1C,1,training
Nc1cccc(=O)c(O)c1,1,training
CSc1nc(N=[N+]=[N-])nc(NC(C)C)n1,1,training
CCN(CC)CCOCc1cc(OC)c(OC)c(OC)c1,1,training
CCCCn1c(-c2ccc(C)cc2)cn2c3c(=O)n(C)c(=O)n(C)c3nc12,1,training
CC1(C)Oc2cc(O)ccc2C2=C1CCCC2,1,training
O=C1/C(=C\c2ccc(F)cc2)SC(=S)N1CN1CCOCC1,1,training
Cc1nnc(-c2ccccc2)s1,1,training
CC(=O)c1cc(C)sc1C,1,training
O=[N+]([O-])c1ccc(NN=C(c2ccc(O)cc2)c2ccc(O)cc2)c([N+](=O)[O-])c1,1,training
c1ccc2c(c1)OC[C@H](CN1CCCCCC1)O2,1,training
O=C(CCN1CCCCC1)N1CCN(C(=O)N(c2ccccc2)c2ccccc2)CC1,1,training
CC1(C)C(C#N)C(=O)NC(=O)C1C#N,1,training
COc1ccccc1C(=O)N[C@H]1CCC[C@@H]2CCN(C)C[C@H]12,1,training
COc1ccc2c(c1OC)C(=O)O[C@H]2[C@H]1c2c(cc3c(c2OC)OCO3)CCN1C,1,training
O=C(O[C@H]1CCN(Cc2ccccc2)C1)[C@@](O)(c1ccccc1)C1CCCC1,1,training
O=C(O)c1ccccc1OP(=O)(O)O,1,training
CO/N=C(/C(=O)Sc1nc2ccccc2s1)c1csc(N)n1,1,training
CCN(CC)CCOc1ccnc(N)n1,1,training
Nc1cccc(Cl)n1,1,training
CCN(CC)C(=O)c1c2c(nc3ccccc13)CCCC2,1,training
O=C(c1c2c(nc3ccccc13)CCCC2)N1CCOCC1,1,training
Cc1nsc(Cl)c1C(=O)N1CCOCC1,1,training
COc1cc(C(=O)Nc2cccc3c2CN(C)CC3)cc(OC)c1OC,1,training
c1cncc(-c2c[nH]cn2)c1,1,training
C=CCNC(=S)NNC(=O)Cc1c(C)[nH]c2ccccc12,1,training
C[C@H]1CC[C@@H]2CN(CCO)C[C@H]2C1,1,training
Cc1csc(-n2nc(C)cc2C)n1,1,training
Cc1cc(C(F)(F)C(F)F)n(-c2nc(-c3ccc(O)c(O)c3)cs2)n1,1,training
CC(=N\N)/C(=N/O)Nc1cccc(Cl)c1,1,training
C=CCc1ccc(OC(C)(C)C(=O)NCCN(C)C)c(OC)c1,1,training
C=CCc1ccc(OC(C)(C)C(=O)NCCN(CC)CC)c(OC)c1,1,training
C=CCc1ccc(OC(C)(C)C(=O)NCCCN(CC)CC)c(OC)c1,1,training
C=CCc1ccc(OC(C)(C)C(=O)NCCCN(C)C)c(OC)c1,1,training
CC1=NNc2nc3ccccc3c(C)c2C(c2ccccc2)=C1,1,training
CC1CN(C)c2ccccc2N(C)C1=O,1,training
Cc1cccc(N2CCN(CC(O)c3cccnc3)CC2)c1,1,training
O=C(O)/C=C\c1ccc(O)cc1,1,training
COC(=O)C1=C(C)NC(COC(N)=O)=C(C(=O)OC(C)C)C1c1cccc(Cl)c1Cl,1,training
COc1ccc2cc3n(c(=O)c2c1OC)CCc1cc2c(cc1-3)OCO2,1,training
CCC1(CC)C(=O)CC(=O)N(C2CCCCC2)C1=O,1,training
CC1(C)C(C#N)C(=O)N(CN2CCOCC2)C(=O)C1C#N,1,training
Cc1cccc(C)c1N1C(=O)C[C@H](N2C(=O)CCC2=O)C1=O,1,training
OCc1cccc2cc(Oc3ccc(I)c4cccnc34)c(O)c(Cl)c12,1,training
O=C(Nc1ccccc1)c1cc(O)c(O)c(O)c1,1,training
Cc1ccc(/C(Cl)=C/C=O)cc1,1,training
CCOc1ccc(NC(=O)c2c(C)nsc2NC(=O)c2ccccc2)cc1,1,training
CN(C)c1ccc(/N=N/c2ccccc2)cc1,1,training
CC(=O)c1ccc(C)s1,1,training
Nc1ccc(O)ccc1=O,1,training
CC[C@](C)(Oc1ccc(C2(c3ccc(O[C@](C)(CC)C(=O)O)cc3)CCCCC2)cc1)C(=O)O,1,training
COc1ccccc1C(=O)N[C@H]1CCC[C@@H]2CCN(C)C[C@@H]12,1,training
Cc1ccc2c(n1)Nc1nc(N)nc(Cl)c1S2,1,training
CC(C)=C1CC[C@H](C)[C@](C)(COc2ccc3ccc(=O)oc3c2)[C@@H]1CCC(=O)O,1,training
CCN(CC)C[C@@H](C)OC(=O)COc1ccc(Cl)cc1,1,training
C=CCN1C(=O)NC(=O)C(CC)(CC)C1=O,1,training
COc1cc(COCCN)cc(OC)c1OC,1,training
CC(=O)Sc1ccccc1C(=O)O,1,training
Cc1cccc(C)c1N1C(=O)CCC(n2c(C)nc3ccccc3c2=O)C1=O,1,training
OC(CN1CCN(c2ccccc2)CC1)c1cccnc1,1,training
c1ccc2c(c1)OC[C@H](CN1CCCCCCC1)O2,1,training
CC(C)[Ge](I)(I)I,1,training
O=C/C=C(\Cl)c1ccc(F)cc1,1,training
O=c1nc(CCl)[nH]c2sc3c(c12)CCCC3,1,training
CCCCn1c(-c2ccc(OC)cc2)cn2c3c(=O)n(C)c(=O)n(C)c3nc12,1,training
Cc1ccc(-c2cn3c4c(=O)n(C)c(=O)n(C)c4nc3n2C)cc1,1,training
CC[C@H]1CN2CC[C@@]3(C(=O)Nc4ccccc43)[C@@H]2C[C@@H]1/C(=C\OC)C(=O)OC,1,training
S=C1NCCCCN1,1,training
Fc1ccc(-c2cn[nH]c(=S)n2)cc1,1,training
O=C1/C(=C\C=C\c2ccccc2)SC(=S)N1CNc1ccccc1,1,training
Cc1ccc(-c2cn3c4c(=O)n(C)c(=O)n(C)c4nc3n2CCCO)cc1,1,training
COc1ccccc1N1CCN(CC(=O)c2cccnc2)CC1,1,training
Cc1ccc2c(n1)Nc1nc(N)nc(N)c1S2,1,training
O=c1n(CCCN2CCN(c3cccc(Cl)c3)CC2)nc2ccccn12,1,training
COc1ccccc1N1CCN(CC(O)c2ccncc2)CC1,1,training
O=Cc1ccc(O)c(O)c1,1,training
Cn1c2c(c3ccccc31)CCN[C@@H]2[C@H]1CCCCN1,1,training
CC1=NN=C(c2ccc(NC(=O)CN)cc2)c2cc3c(cc2C1)OCO3,1,training
O=NN1CCCC[C@H]1C(=O)O,1,training
CC(C)=CCCC(C)CC=O,1,training
Nc1ccc(Cl)c([N+](=O)[O-])c1,1,training
O=C1CN=C(c2ccccn2)c2cc(Br)ccc2N1,1,training
C=C(C(=O)O)[C@@H]1CC[C@]2(C)CCC=C(C)[C@@H]2C1,1,training
C#C[C@@](C)(O)CCC=C(C)C,1,training
CCCCC1(CCCC)CN(CCN2CCN(c3cccc(Cl)c3)C2=O)C1,1,training
NS(=O)(=O)c1csc([N+](=O)[O-])c1,1,training
O=C(CN1CCN(c2ccccc2Cl)CC1)c1cccnc1,1,training
CCOc1ccc(NC(=N\O)/C(C)=N/N)cc1,1,training
CC(CN(C)C)N1C(=O)N(c2ccc(Cl)cc2)CC1C,1,training
Cc1ccc(S)c(Nc2cc(N)nc(N)n2)n1,1,training
Cc1ccc(S)c(Nc2cc(Cl)nc(N)n2)n1,1,training
CCN(C)c1ccc(=O)n(-c2ccccc2)n1,1,training
N=c1[nH]nc(-c2ccc([N+](=O)[O-])cc2)s1,1,training
Cc1nc2ccccc2c(=O)n1C1CCC(=O)N(c2cccc3ccccc23)C1=O,1,training
COc1ccc2c(c1OC)CN1CCc3cc4c(cc3C1=C2)OCO4,1,training
CCCC[Ge](Cl)(Cl)Cl,1,training
CC(CN1c2ccccc2Sc2ccc(S(=O)(=O)N(C)C)cc21)N(C)C,1,training
CN(C)CCN(Cc1ccc(Br)cc1)c1ncnc2ccccc12,1,training
COC(CN1CCN(c2ccccc2)CC1)c1cccnc1,1,training
O=C/C=C(\Cl)c1ccc(I)cc1,1,training
C=CCN(CC=C)CC=C,1,training
C=CCNCC=C,1,training
COc1ccc(/C(Cl)=C/C=O)cc1,1,training
CC(C)=CCC[C@](C)(O)[C@H]1CC[C@]2(C)C3CC(C)C4C(C)(C)C([C@@]5(O[C@@H]6OC[C@@H](O)[C@H](O)[C@H]6O)O[C@H](CO)[C@@H](O)[C@H](O)[C@H]5O[C@@H]5O[C@H](CO)[C@@H](O)[C@H](O)[C@H]5O)CC[C@]4(C)C3C[C@H](O)C12,1,training
CCN(C)[C@@H]1CCN([C@@H]2Cc3ccccc3Sc3ccc(Cl)cc32)C1,1,training
CCN(CC)CCO[Si]1(c2ccc(Cl)cc2)CCCCC1,1,training
COc1cc2c(cc1OC)C(c1ccc(N)cc1)=NN=C(C)C2,1,training
CCCCCCCCCCCCCCCCCC(=O)N[C@@H](CC(C)C)C(=O)O,1,training
CCCCCCCCCCCC(=O)O[Sn](CCCC)(CCCC)OC(=O)CCCCCCCCCCC,1,training
CN1[C@H]2CC[C@H]1CC(OC(=O)COc1ccc(Cl)cc1)C2,1,training
COc1cc2c(cc1OC)CN1CCc3cc(OC)c(OC)cc3C1C2,1,training
OC(CN1CCN(c2ccccc2Cl)CC1)c1cccnc1,1,training
CC(C)NC[C@@H](O)COc1cccc2cc([C@@H](C)O)oc12,1,training
CC1(C)Oc2cc(O)cc(O)c2C2=C1CCCC2,1,training
O=C(O)CCCN(CN(CCO)C1=NCCN1)C(=O)c1ccccc1,1,training
O=C(O)CCCN(CN(CCCO)C1=NCCN1)C(=O)c1ccccc1,1,training
C[C@@H]1[C@H]2C3=CC[C@H]4[C@]5(C)CC[C@H](O)C(C)(C)[C@@H]5CC[C@@]4(C)[C@]3(C(=O)O)CC[C@]2(C(=O)O)CC[C@H]1C,1,training
CCN(C)[C@@H]1CCN([C@H]2Cc3ccccc3Sc3ccc(Cl)cc32)C1,1,training
COC(=O)[C@H]1[C@H]2C[C@@H]3c4[nH]c5cccc(OC)c5c4CCN3C[C@H]2CC[C@H]1O,1,training
Nc1cccccc1=O,1,training
CC#N,1,training
O=C1O[IH2](O)c2ccccc21,1,training
O=C1CCC[C@@H]2[C@H]3C[C@@H](CN12)[C@@H]1CCCCN1C3,1,training
CN1CCN(C)C1=S,1,training
CCN(C)[C@H]1CCN([C@H]2Cc3ccccc3Sc3ccc(Cl)cc32)C1,1,training
Nc1ccc(N)c(=O)cc1,1,training
CC(=O)N1N=C(c2ccc(NC=O)cc2)c2cc3c(cc2CC1C)OCO3,1,training
COc1cc2c(cc1O)C[C@H]1c3c(cc(OC)c(OC)c3-2)CCN1C,1,training
C[C@H](CN(C)C)CN1c2ccccc2CCc2ccccc21,1,training
COc1cc2c(cc1O)C(=O)c1nccc3cc(OC)c(OC)c-2c13,1,training
C=CCOc1ccccc1OCC(O)CNC(C)C,1,training
O=C/C=C(\Cl)c1ccc(Cl)cc1,1,training
COc1cc2c(cc1OC)-c1c(OC)c(OC)cc3c1[C@H](C2)NCC3,1,training
CN1CCN=C(c2ccccc2O)C=C1C(=O)O,1,training
C=CCN1C2CCC1CC(OC(=O)C(CO)c1ccccc1)C2,1,training
Cn1c2c(c3ccccc31)CCN1CN3CCCC[C@@H]3[C@H]21,1,training
COc1cc2ccn3cnnc3c2cc1OC,1,training
c1ccc2c(c1)OC[C@H](CN1CCCC1)O2,1,training
CC(C)(C)[C@]1(O)CCN2C[C@@H](c3ccccc3)c3ccccc3[C@@H]2C1,1,training
CCN(CC)CCN(Cc1ccc(Br)cc1)c1nccc(C)n1,1,training
O=C(CCl)NCCCNC(=O)CCl,1,training
Cc1[nH]c2ccccc2c1CCN1CCN(c2ccccc2)CC1,1,training
CCN(CC)CCN(Cc1ccccc1)c1cc(C)ncn1,1,training
COc1cc2[nH]c(C)c(CCN3CCN(c4ccccc4)CC3)c2cc1OC,1,training
O=C(O)C(=O)CCl,1,training
CC12CCC(C(Br)C1=O)C2(C)C,1,training
Cc1ccc(NN)cc1,1,training
COc1ccc(CCN2CCN(c3ccc(C)cc3)CC2)cc1OC,1,training
COc1ccc(CCN2CCN(c3c(C)cccc3C)CC2)cc1OC,1,training
CC(C)CCN(CCC(C)C)CC(=O)NN,1,training
CN(C)CCNc1cccccc1=O,1,training
CCOC(=O)CN(CCC(C)C)CCC(C)C,1,training
c1ccc(-c2nc3ccccn3c2CN2CCOCC2)cc1,1,training
COc1ccccc1N1CCN(CCc2ccncc2)CC1,1,training
CN1CCN(c2c3c(nc4ccccc24)CCCC3)CC1,1,training
NCCCCSS(=O)(=O)O,1,training
NC[C@]1(N)CCCCc2ccccc21,1,training
COc1cc(COCCN2CCCCC2)cc(OC)c1OC,1,training
Cc1ccccc1N1CCN(CC(O)c2cccnc2)CC1,1,training
COc1ccccc1N1CCN(CC(O)c2cccnc2)CC1,1,training
CC(C)NC[C@H](O)COc1cccc2c1OC[C@@H](O[N+](=O)[O-])C2,1,training
CN(C)CCNN,1,training
COC(=O)C1=CO[C@@H](C)[C@H]2C[n+]3ccc4c([n-]c5ccccc54)c3C[C@H]12,1,training
CN1CCC[C@@H]1CC(=O)c1ccccc1,1,training
COc1ccc2c(=O)c(C)c(-c3ccc(Cl)cc3)oc2c1CN1CCCC1,1,training
Cc1ccc(-c2cn3c4c(=O)n(C)c(=O)n(C)c4nc3n2CCO)cc1,1,training
CCN(CC)CCOC1(c2ccc(Cl)cc2)CCCCC1,1,training
CCOc1cc(C=O)cc(C=O)c1O,1,training
CN1CCN(c2ccccc2)CC1,1,training
Cc1ccc(C[C@H](CO)N2CCCCC2)cc1,1,training
CNCCCC12CCC(c3ccccc31)c1ccccc12,1,training
CO[C@](F)(Br)C(Br)(C(F)(F)F)C(F)(F)F,1,training
Cc1cc(C(C)(C)C)c(O)c(C(C)(C)C)c1,1,training
CC(=O)N1N=C(c2ccc(NC(=O)C(F)(F)F)cc2)c2cc3c(cc2CC1C)OCO3,1,training
CN(C)CCN(Cc1ccccc1)c1cccc2ccccc12,1,training
Cc1cc(N(CCN(C)C)Cc2ccc(Br)cc2)ncn1,1,training
CC[C@H]1CN2CC[C@@]3(C(=O)Nc4ccccc43)[C@H]2C[C@@H]1/C(=C\OC)C(=O)OC,1,training
O=NN1CN2CN(C1)CN(N=O)C2,1,training
COc1cc(O)cc2c1N(CCCN(C)C)c1cc(Cl)ccc1S2,1,training
CN(C)CCN(Cc1ccc(Cl)cc1)c1ncnc2ccccc12,1,training
CCN(CC)CCOC(=O)C(Cc1cccc2ccccc12)CC1CCCO1,1,training
OCCCN(CCC(c1ccccc1)c1ccccc1)CCC(c1ccccc1)c1ccccc1,1,training
Oc1c(Cl)c(Cl)c(Oc2c(Cl)c(Cl)c(Cl)c(Cl)c2Cl)c(Cl)c1Cl,1,training
C/C=C1\CN2[C@@H]3C[C@@H]1[C@H](CO)[C@H]2Cc1c3[nH]c2cc(OC)ccc12,1,training
C/C=C1\CN2CCc3c([nH]c4ccccc34)[C@@H]2C[C@H]1[C@H](C(=O)OC)[C@@H]1OC[C@H]2[C@H]3C[C@@H]4N(CC[C@]45c4ccccc4N1[C@@H]25)C[C@H]3CC,1,training
O=C(O)C(=O)CF,1,training
COc1ccc(O)c(C=O)c1,1,training
C1NNCN2CNNCN12,1,training
CN1CCN(CN2C(=O)NC(c3ccccc3)(c3ccccc3)C2=O)CC1,1,training
CCCCCC1=CC2OC(C)(C)C3C=CC(C)=CC3C2C(O)=C1,1,training
CC(C)NCC(O)c1ccc2ccccc2c1,1,training
c1ccc(N2CCN(CCc3cccnc3)CC2)cc1,1,training
CCOC(CN1CCN(c2ccccc2)CC1)c1cccnc1,1,training
CCOc1ccc2c3c1O[C@@H]1[C@@H](O)C=C[C@H]4[C@@H](C2)N(C)CC[C@@]314,1,training
NC1(CO)CCCC1,1,training
COc1cc(COCCN2CCCC2)cc(OC)c1OC,1,training
C[C@@H]1N2CCc3c(n(C)c4ccccc34)[C@@H]2[C@H]2CCCCN12,1,training
COc1ccc(CN(CCN(C)C)c2nccc(C)n2)cc1,1,training
COC(CN1CCN(c2ccccc2Cl)CC1)c1cccnc1,1,training
COC(CN1CCN(c2ccccc2C)CC1)c1cccnc1,1,training
CN1CCCN(C)C1=S,1,training
CCOC(CN1CCN(c2ccccc2C)CC1)c1cccnc1,1,training
CCN(CC)Cc1c(OC)ccc2c(=O)c(C)c(-c3ccc(F)cc3)oc12,1,training
COc1ccc2c(c1O)N(CCCN(C)C)c1cc(Cl)ccc1S2,1,training
OC(CN1CCN(c2ccc(Cl)cc2)CC1)c1cccnc1,1,training
CCO[C@H](CN1CCN(C[C@H](C)C(=O)c2ccccc2)CC1)c1ccccc1,1,training
CCC(=O)O[C@](Cc1ccccc1)(c1ccccc1)[C@H](C)CN(C)C,1,training
O=C1CN(/N=C/C(=O)c2ccc([N+](=O)[O-])o2)C(=O)N1,1,training
Nc1nnc(-c2ccncc2)s1,1,training
CC(C)C(Nc1ccc(C(F)(F)F)cc1Cl)C(=O)OC(C#N)c1cccc(Oc2ccccc2)c1,1,training
O=[N+]([O-])OCC(CO[N+](=O)[O-])O[N+](=O)[O-],1,training
CCC(=O)Nc1ccc(C2=NN(C(C)=O)C(C)Cc3cc4c(cc32)OCO4)cc1,1,training
COc1ccc(CCN2CCN(c3ccccc3C)CC2)cc1OC,1,training
COc1ccc(CCN2CCN(c3ccccc3SC)CC2)cc1OC,1,training
COc1cccc(N2CCN(CCc3ccc(OC)c(OC)c3)CC2)c1,1,training
COc1ccc(N2CCN(CCc3ccc(OC)c(OC)c3)CC2)cc1,1,training
COc1ccc(CCN2CCN(c3ccccc3Cl)CC2)cc1OC,1,training
COc1ccc(CCN2CCN(c3cccc(C)c3)CC2)cc1OC,1,training
CC(C)CN(CC(=O)NN)CC(C)C,1,training
c1ccc(N2CCN(CCc3ccccn3)CC2)cc1,1,training
Clc1ccccc1N1CCN(CCc2ccccn2)CC1,1,training
c1ccc(N2CCN(CCc3ccncc3)CC2)cc1,1,training
CCOc1ccccc1N1CCN(CCc2ccncc2)CC1,1,training
O=C(OCCF)C(c1ccccc1)c1ccccc1,1,training
COc1ccc(CCNc2c3c(nc4ccccc24)CCCC3)cc1OC,1,training
Nc1ccc(S(=O)(=O)Nc2scc[n+]2[O-])cc1,1,training
C[C@@]12C=C[C@H](C1)[C@@H]1C(=O)OC(=O)[C@@H]12,1,training
O=c1c2ccccc2nc(/C=C/c2ccccc2)n1-c1nnc(CN(c2ccccc2)c2ccccc2)s1,1,training
CCC[C@@H](O)N(CN(CCCC(=O)O)C(=O)c1ccccc1)C1=NCCN1,1,training
Cc1ccc(S)c(Nc2cc(Cl)nc(Cl)n2)n1,1,training
O=C(C1=NN(c2nncs2)C(C(=O)c2ccccc2)=NN1c1nncs1)c1ccccc1,1,training
Cc1nnc(N2N=C(C(=O)c3ccccc3)N(c3nnc(C)s3)N=C2C(=O)c2ccccc2)s1,1,training
CN(C)/C=C1\C(=O)Nc2ccccc2N=C1N(C)C,1,training
COc1ccc(CN(CCN(C)C)c2ncnc3ccccc23)cc1,1,training
CN(CCNCc1cc(C(C)(C)C)cc(Br)c1O)CCNC(=O)c1nc(Cl)c(N)nc1N,1,training
O.O.O.Oc1ccc2c3c1O[C@@H]1[C@@H](O)C=C[C@H]4[C@@H](C2)NCC[C@]314.Oc1ccc2c3c1O[C@@H]1[C@@H](O)C=C[C@H]4[C@@H](C2)NCC[C@]314,1,training
CN1CSC(=S)N(C)C1,1,training
CCCCN(CCCC)C[C@@H](O)Cn1cnc2c1c(=O)n(C)c(=O)n2C,1,training
COC(=O)CC(=O)CCl,1,training
CNC(=O)N1N=C(c2ccc(NC(=O)CN)cc2)c2cc3c(cc2CC1C)OCO3,1,training
CN1CCN(C2=Nc3cc(Cl)ccc3Nc3ccccc32)CC1,1,training
CSc1nc(N)cc(Nc2nc(C)ccc2S)n1,1,training
CC[C@H]1CN2CCc3c([nH]c4ccccc34)[C@@H]2C[C@@H]1/C(=C\OC)C(=O)OC,1,training
CCOC(=O)CC(=O)CCl,1,training
O=C(/C=N/N1CCOC1=O)c1ccc([N+](=O)[O-])o1,1,training
C[C@@H]1CCCCN1Cc1c[nH]c2ccccc12,1,training
COc1ccc(CC(=O)OCCF)cc1,1,training
NC(=O)c1cccs1,1,training
COc1ccc2c(=O)c(C)c(-c3ccccc3)oc2c1CN1CCOCC1,1,training
CN(C)C1=CC=c2oc(-c3ccccc3)nc2=CC1,1,training
O=C1C=C(I)C(=O)C(I)=C1,1,training
CN1CCCCN(C)C1=S,1,training
COc1ccccc1N1CCN(CC(OC)c2cccnc2)CC1,1,training
CCN1C(c2ccncc2)=NCC1c1ccccc1,1,training
CCCCN(CCN(CCCC)C(=O)N1CCOCC1)C(=O)N1CCOCC1,1,training
CC1(C)CN(CCN2CCN(c3cccc(Cl)c3)C2=O)C1,1,training
CCCC1(CCC)CN(CC(C)N2C(=O)N(c3ccc(Cl)cc3)CC2C)C1,1,training
CC(CN1CC(C)(C)C1)N1C(=O)N(c2cccc(Cl)c2)CC1C,1,training
CC(C)(C)C1(O)CCN(CC2c3ccccc3CCc3ccccc32)CC1,1,training
O=C1c2ccccc2C(=O)C1(O)O,1,training
COc1c(O)ccc2c1N(CCCN(C)C)c1cc(Cl)ccc1S2,1,training
CC(C)[C@](C#N)(C[C@H](C)N(C)C)c1ccccc1,1,training
O/N=C/c1cc[n+](CCC[n+]2ccc(/C=N/O)cc2)cc1,1,training
O=C(O)C(=O)C(Br)Br,1,training
c1ccc(CCN2CCN(c3ccccc3)CC2)cc1,1,training
COc1ccc(CCN2CCN(c3ccccc3Br)CC2)cc1OC,1,training
COc1ccc(CCN2CCN(c3ccccc3N)CC2)cc1OC,1,training
COc1ccc(CCN2CCN(c3cccc(Cl)c3)CC2)cc1OC,1,training
COc1ccc(CCN2CCN(c3ccc(Cl)cc3)CC2)cc1OC,1,training
COc1ccc(CCN2CCN(c3ccccc3F)CC2)cc1OC,1,training
COc1ccc(CCN2CCN(c3ccc(C)cc3C)CC2)cc1OC,1,training
COc1ccc(CCN2CCN(c3ccc(Cl)cc3Cl)CC2)cc1OC,1,training
COc1ccc(CCN2CCN(c3ccccc3[N+](=O)[O-])CC2)cc1OC,1,training
COc1ccc(CCN2CCN(c3ccccc3NC(C)=O)CC2)cc1OC,1,training
COc1ccc(N2CCN(CC(O)c3cccnc3)CC2)cc1,1,training
CC(=O)N1N=C(c2ccc(N)cc2)c2cc3c(cc2C[C@H]1C)OCO3,1,training
O=C(CCCN1CC=C(n2c(=O)[nH]c3ccccc32)CC1)c1ccc(F)cc1,1,training
O=C(O)C(=O)CBr,1,training
O=C(CCl)CC(=O)Nc1ccccc1,1,training
C/C=C1/C[N+]2(C)CC[C@@]34c5ccccc5N[C@]32[C@@H](O)C[C@@H]1[C@]4(CO)C(=O)OC,1,training
CCCCCN(CCCCC)CC(=O)OCC,1,training
CCCC1Cc2c(n(CCc3ccc(C)nc3)c3ccccc23)CN1,1,training
Nc1c2ccccc2nc2ccccc12,1,training
COC(=O)[C@@H]1[C@H]2C[C@H]3c4[nH]c5ccccc5c4CCN3C[C@@H]2CC[C@H]1O,1,training
COc1ccccc1N1CCN(CCc2cccnc2)CC1,1,training
c1ccc2c(CN3CCCC3)c[nH]c2c1,1,training
C[C@@H](O)C[C@@H](O)Cc1ccoc1,1,training
O=C(O)CBr,1,training
COC(F)=C(C(F)(F)F)C(F)(F)F,1,training
Cc1cc(O)c(C)c(C)c1O,1,training
Cc1nc2cccnc2c(=O)n1-c1ccc(Cl)cc1Cl,1,training
O=C(/C=N/N1CC(CN2CCOCC2)OC1=O)c1ccc([N+](=O)[O-])o1,1,training
COc1cc2c(cc1OC)CN1CCc3cc(OC)c(OC)cc3[C@H]1C2,1,training
O=C(/C=C/Cl)c1ccc(-c2ccccc2)cc1,1,training
O=C1C[C@H](N2C(=O)c3ccccc3C2=O)C(=O)N1c1ccccc1,1,training
OCc1cccc2cc(Oc3cccc4cccnc34)c(O)cc12,1,training
COc1ccc2c3c1O[C@H]1[C@@H](O)C=C[C@H]4[C@@H](C2)N(C)CC[C@]314,1,training
COC(=O)[C@H]1[C@@H]2C[C@@H]3c4[nH]c5ccccc5c4CCN3C[C@H]2C[C@@H](OC(=O)c2cc(OC)c(OC)c(OC)c2)[C@@H]1OC,1,training
O=C1NC(=S)S/C1=C/c1ccccc1,1,training
COc1ccccc1N1CCN(CCc2ccccn2)CC1,1,training
Brc1ccccc1N1CCN(CCc2ccncc2)CC1,1,training
C=CCN1CCC[C@H]1c1cccnc1,1,training
Cc1cc(O)c(C(C)C)cc1SC#N,1,training
CCN(CC)CCN(Cc1ccccc1)c1nccc(C)n1,1,training
C#CCOc1ccc(N2C(=O)C3C4C=CC(C4)C3C2=O)cc1,1,training
O=C(Oc1cccc2cccnc12)c1ccccc1O,1,training
CCCN1C(c2ccncc2)=NCC1c1ccccc1,1,training
C[C@H]1CC[C@H]2CN(C3CCCCC3)C[C@H]2C1,1,training
O=C(CCN1CCCCC1)N1C=CN(C(O)(Cc2ccccc2)N2CCCCC2)CC1,1,training
C1CCc2nnnn2CC1,1,training
O=C1CN(c2ncc([N+](=O)[O-])s2)C(=O)N1,1,training
CN(C)c1ccc(SC#N)cc1,1,training
CCC(=O)/C=C/Cl,1,training
CN(C)CCCN1c2cc(O)ccc2Sc2cc(O)c(Cl)cc21,1,training
O=C=Nc1ccccc1,1,training
COc1ccc(CCN2CCN(c3ccccc3O)CC2)cc1OC,1,training
COc1ccc(CCN2CCN(c3cc(Cl)ccc3Cl)CC2)cc1OC,1,training
c1ccc2c(N3CCOCC3)c3c(nc2c1)CCCCC3,1,training
CCCC1(CCC)CN(CC(C)N2C(=O)N(c3cccc(Cl)c3)CC2C)C1,1,training
NS(=O)(=O)c1ccc(Cl)s1,1,training
CC(C)C(=O)/C=C/Cl,1,training
N#CCCCNCCC#N,1,training
COc1ccccc1N1CCN(CC(O)c2ccccn2)CC1,1,training
CC(C)(C)OC(=O)N1C(C(=O)ON2C(=O)CCC2=O)CSC1c1ccccc1,1,training
CC(C)(C)OC(=O)N1C(CO)CSC1c1ccccc1,1,training
CNC(=O)N1N=C(c2ccc(N)cc2)c2cc3c(cc2C[C@H]1C)OCO3,1,training
C=CCN,1,training
NCCCN1c2cc(O)ccc2Sc2ccc(Cl)cc21,1,training
CC(C)=CCC(OC(=O)C=C(C)C)C1=CC(=O)c2c(O)ccc(O)c2C1=O,1,training
O=C(/C=C/Cl)c1cccc2ccccc12,1,training
Oc1c(Cl)c(Cl)c(Cl)c(Cl)c1Oc1c(Cl)c(Cl)c(Cl)c(Cl)c1Cl,1,training
Cc1ccc(C)c(C(=O)/C=C/Cl)c1,1,training
C=CC#N,1,training
CNC(=O)CSP(=S)(OC)OC,1,training
CCOC(=O)CI,1,training
CC[Hg]CC,1,training
CCN(CCBr)Cc1ccc(Cl)cc1,1,training
Cc1cc(C)c(C(=O)/C=C/Cl)c(C)c1,1,training
CCn1nc(C(C)(C)C)c2c1-c1ccccc1C2(O)c1ccc(Cl)cc1,1,training
O=C(/C=C/C=C/c1ccc2c(c1)OCO2)N1CCCCC1,1,training
CCCC(=O)/C=C/Cl,1,training
CN1CCC[C@@H](n2nc(Cc3ccc(Cl)cc3)c3ccccc3c2=O)CC1,1,training
O=C(/C=C/Cl)c1ccc([N+](=O)[O-])cc1,1,training
COC(=O)C1=C(C)NC(C)=C(C(=O)OC[C@@H](C)O)[C@@H]1c1ccccc1[N+](=O)[O-],1,training
CCCCCN(CCCCC)CC(=O)NN,1,training
O=C(/C=C/Cl)c1ccc(I)cc1,1,training
CC(=O)O[C@@H]1C(=O)[C@]23C[C@@H](CC[C@H]2[C@@](C)(O)[C@@H]2[C@@H]4O[C@@H]4C(C)(C)[C@@]12O)[C@](C)(O)C3,1,training
CC1(C)O[C@@H]2[C@@H](O)C34C[C@H](CC[C@H]3[C@@](C)(O)[C@@H]3C[C@H](O)C(C)(C)C32O1)[C@](C)(O)C4,1,training
C/C(=N/CCc1ccccc1)N(C)C,1,training
C/C(=N/C(C)Cc1ccccc1)NC(C)Cc1ccccc1,1,training
CC(Cc1ccccc1)/N=C/N(C)C(C)Cc1ccccc1,1,training
C/C(=N/C(C)Cc1ccccc1)N(C)C,1,training
COc1ccc(CC/N=C(/C)N(C)C)cc1OC,1,training
CC(Cc1ccccc1)/N=C/NC(C)Cc1ccccc1,1,training
O=C(/C=C/Cl)c1ccc(Br)cc1,1,training
N#CC1(N2CCCC2)CCCCC1,1,training
CCCC#N,1,training
Cc1ccc(C(=O)/C=C/Cl)c(C)c1,1,training
CC[Hg]S[Hg]CC,1,training
CC1=C2C(=CO[C@H](C)[C@H]2C)C(O)=C(C(=O)O)C1=O,1,training
CNC(=S)c1ccccc1,1,training
Cc1ccc2c(n1)Nc1[nH]c(=O)nc(N)c1S2,1,training
CCCCC[Hg]S[Hg]CCCCC,1,training
CCC[Hg]S[Hg]CCC,1,training
N#CC1(NC2CCCCC2)CCCCC1,1,training
O=C(CI)OCCO,1,training
O=C(/C=C/Cl)c1ccc(Cl)cc1,1,training
C[C@H]1CC[C@H]2[C@@H](C)[C@H]3[C@H](C[C@H]4[C@@H]5CC=C6C[C@@H](O[C@@H]7O[C@H](CO)[C@H](O)[C@H](O[C@@H]8O[C@H](CO)[C@@H](O)[C@H](O)[C@H]8O)[C@H]7O[C@H]7O[C@@H](C)[C@H](O)[C@@H](O)[C@H]7O)CC[C@]6(C)[C@@H]5CC[C@@]43C)N2C1,1,training
COc1ccc2c(=O)c(C)c(-c3ccc(F)cc3)oc2c1CN(C)C,1,training
O=C1C=C2C=C[C@H]3C[C@@]2(O1)[C@H]1CCCCN31,1,training
C[Hg]S[Hg]C,1,training
C[C@@]1(O)CC(=O)c2c(cc3ccc(-c4c5c(c(O)c6c(O)cccc46)C(=O)C[C@](C)(O)C5)c(O)c3c2O)C1,1,training
CCc1ccc(C(=O)/C=C/Cl)cc1,1,training
OC[C@H]1O[C@@H](n2ccc3c(O)ncnc32)[C@H](O)[C@H]1O,1,training
Cc1ccc2c(n1)Nc1ncnc(N)c1S2,1,training
Cc1ccc(N2CCN(CC(O)c3cccnc3)CC2)cc1,1,training
CCCC[Hg]S[Hg]CCCC,1,training
CCC#N,1,training
COc1ccc(C(=O)/C=C/Cl)cc1,1,training
c1ccc([Hg]S[Hg]c2ccccc2)cc1,1,training
N#CC1(N2CCOCC2)CCCCC1,1,training
CC[C@@H](O)CN(CN(CCCC(=O)O)C(=O)c1ccccc1)C1=NCCN1,1,training
CCN(CC)Cc1c(OC)ccc2c(=O)c(C)c(-c3ccccc3)oc12,1,training
COc1cc(Nc2nc(C)ccc2S)nc(OC)n1,1,training
COC(=O)[C@@]12Oc3ccc(-c4ccc5c(c4O)C(=O)C4=C(O)C[C@H](C)[C@@H](O)[C@]4(C(=O)OC)O5)c(O)c3C(=O)C1=C(O)C[C@H](C)[C@H]2O,1,training
CC1=C[C@H]2Cc3[nH]c(=O)ccc3[C@]3(C1)NCCC[C@@H]23,1,training
CC(C)C#N,1,training
CC(=O)CCC(=O)c1ccoc1,1,training
O=C(/C=C/Cl)c1ccccc1,1,training
Cc1ccc(C(=O)/C=C/Cl)cc1,1,training
CCNC1(C#N)CCCCC1,1,training
N=C1NC(=O)/C(=C\C(=O)c2ccccc2)O1,1,training
Cc1cc([N+](=O)[O-])c(O)c([N+](=O)[O-])c1,1,training
COc1ccc2c(c1OC)CC1c3c(cc4c(c3-2)OCO4)CCN1C,1,training
CC[C@H]1CN1c1nc(N2C[C@@H]2CC)nc(N2C[C@@H]2CC)n1,1,training
O=C(/C=C/Cl)c1ccc(F)cc1,1,training
CCN(CCO)CCCl,1,training
COc1ccc2c(c1OC)C(O)N1CCc3cc4c(cc3C1=C2)OCO4,1,training
CN(C)C1(C#N)CCCCC1,1,training
COC(=O)C1=C(C)NC(C)=C(C(=O)OC[C@@H](C)O)[C@H]1c1ccccc1[N+](=O)[O-],1,training
O=c1cc(O)c1=O,1,training
N#CSc1ccccc1,1,training
CC[C@H](O)C#N,1,training
CCOC(=O)CSC#N,1,training
CC1=CC(=O)C(C)=C(C)C1=O,1,training
COc1ccc2c(=O)c(C)c(-c3ccc(Cl)cc3)oc2c1CN(C)C,1,training
Cc1ccc(S)c(Nc2cc(=O)nc(N)[nH]2)n1,1,training
NCCSS(=O)(=O)O,1,training
COC(=O)C(C(F)(F)F)C(F)(F)F,1,training
COC(=O)C(=C(F)F)C(F)(F)F,1,training
Cn1c(=O)c2c(ncn2CCSC#N)n(C)c1=O,1,training
O=C1C=CC(=O)C(I)=C1,1,training
O=C(CI)NCCNC(=O)CI,1,training
C[C@@H](O)C#N,1,training
O=C(CI)NCC(O)CNC(=O)CI,1,training
N#CCC#N,1,training
CCOc1ccc(Cc2nc3cc(C(C)=O)ccc3n2CCN(CC)CC)cc1,1,training
CC(=O)C1=C(O)[C@@H]2[C@H]3c4c[nH]c5cccc(c45)C[C@@H]3C(C)(C)N2C1=O,1,training
COP(=S)(OC)Oc1ccc(S(=O)(=O)N(C)C)cc1,1,training
CC(O)CCC(=O)c1ccoc1,1,training
O=C(CBr)C(=O)CBr,1,training
O=Cc1ccccc1,1,training
COC(=O)C1=C(C)NC(C)=C(C(=O)OCC(C)=O)C1c1ccccc1[N+](=O)[O-],1,training
COc1cc(=O)oc(/C=C/C=C/C=C/C(C)=C/[C@]2(C)O[C@H](C)[C@](C)(O)[C@@H]2O)c1C,1,training
O=S1OCC2C(CO1)C1(Cl)C(Cl)=C(Cl)C2(Cl)C1(Cl)Cl,1,training
CCOP(=O)(OCC)O[P@@](=O)(OCC)O[P@](=O)(OCC)OP(=O)(OCC)OCC,1,training
CC[C@H]1O[C@@H]2O[C@H](/C=C/C=C/C=C/c3oc(=O)cc(OC)c3C)[C@@H](O)[C@]2(C)[C@@]1(C)O,1,training
COP(=O)(OC)Oc1ccc(S(=O)(=O)N(C)C)cc1,1,training
CC1(C)[C@H]2O[C@@H]2[C@@H]2[C@@]1(O)[C@H](O)C(=O)[C@]13C[C@@H](CC[C@@H]1[C@@]2(C)O)[C@](C)(O)C3,1,training
CN1CCC(CNC(=O)CCCCCCCCC(=O)NCC2(c3ccccc3)CCN(C)CC2)(c2ccccc2)CC1,1,training
NCc1cc(O)no1,1,training
CC(C)OP(=O)(F)OC(C)C,1,training
C/C=C1\[C@H]2C=C(C)C[C@]1(N)c1ccc(=O)[nH]c1C2,1,training
CC(C)(O)/C=C/C(=O)[C@](C)(O)[C@H]1[C@H](O)C[C@]2(C)[C@@H]3CC=C4[C@@H](C[C@H](O)C(=O)C4(C)C)[C@]3(C)C(=O)C[C@]12C,1,training
C/C=C\C(=O)C[C@@H]1CC[C@H](C)[C@@H](CC(=O)NC[C@H](O)[C@H](C)C(=O)NCCC[C@H]2O[C@@]3(CCC[C@@H](CC[C@H](C)/C=C(\C)[C@@H](C)O)O3)CC[C@@H]2C)O1,1,training
CO[C@H]1C[C@@H]2C=CC[C@@H](C[C@H](OC)[C@@]3(CO3)[C@@H](OC)C[C@@H](OC)[C@H](C)[C@@H]([C@@H](C)[C@@H](O)[C@@H](C)CCC(=O)[C@H](C)[C@H](OC)[C@H](C)/C=C/N(C)C=O)OC(=O)C=CC(C)=C[C@@H]1O)O2,1,training
O=C1C=CC(=NCl)C=C1,1,training
C=CS(=O)(=O)COCS(=O)(=O)C=C,1,training
CC(C)[C@]12O[C@H]1[C@@H]1O[C@@]13[C@@]1(C)CCC4=C(COC4=O)[C@@H]1C[C@@H]1O[C@@]13[C@@H]2O,1,training
CC(C)(C)CCOP(C)(=O)F,1,training
CC1(C)[C@@H]2O[C@H]2[C@H]2[C@](C)(O)[C@@H]3CC[C@@H]4C[C@@]3(C[C@@]4(C)O)[C@H](O)[C@@H](O)[C@@]21O,1,training
CO[C@H]1CC1(Cl)Cl,1,training
CNC(=O)Oc1ccc2c(c1)[C@@]1(C)CCN(C)[C@@H]1N2C,1,training
CCN(CCCl)Cc1ccc(Cl)cc1,1,training
CCN(CCF)Cc1cccc2ccccc12,1,training
CN(C)CCc1ccccc1Br,1,training
C=C(C=O)C[C@H]1C[C@@H](O)[C@]2(C)O[C@@H]3C[C@@H]4O[C@@H]5C[C@@]6(C)O[C@]7(C)CC[C@@H]8O[C@H]9C[C@@]%10(C)O[C@@H]%11C(C)=CC(=O)O[C@@H]%11C[C@H]%10O[C@H]9C[C@@H](C)[C@H]8O[C@H]7C[C@H]6O[C@@]5(C)CC=C[C@H]4O[C@H]3C[C@H]2O1,1,training
CN(CCF)Cc1cccc2ccccc12,1,training
C=C(CO)CC1CC(O)C2(C)OC3CC4OC5CC6(C)OC7(C)CCC8OC9CC%10(C)OC%11C(C)=CC(=O)OC%11CC%10OC9CC(C)C8OC7CC6OC5(C)C/C=C\C4OC3CC2O1,1,training
CN(CCCl)Cc1cccc2ccccc12,1,training
CCN(CCCl)Cc1cccc2ccccc12,1,training
CCCO[C@@H]1CC1(Cl)Cl,1,training
CO[P@](=O)(O)ON1C(N)=NC[C@H]1CN(C)C,1,training
CCOc1ccc2c(c1)nnn2CCO,1,training
CN(CCBr)Cc1cccc2ccccc12,1,training
CCN(CCI)Cc1cccc2ccccc12,1,training
CCN(CCBr)Cc1cccc2ccccc12,1,training
COc1cc2nnn(CCO)c2cc1[N+](=O)[O-],1,training
C[C@@H]1NC(=O)[C@@H]2CCCN2C(=O)[C@H](CC(N)=O)NC(=O)[C@@H]2CSSC[C@@H](C(N)=O)NC(=O)[C@H](CO)NC(=O)[C@H](Cc3cccc(O)c3)NC(=O)[C@H](Cc3cnc[nH]3)NC(=O)[C@H](CCCNC(=N)N)NC(=O)CNC(=O)[C@H](CSSC[C@H](NC(=O)[C@@H](N)CCC(=O)O)C(=O)N2)NC1=O,1,training
C[C@@H](O)CO,0,valid
O=c1[nH]c2ccccc2n1CCCN1CCN(C(c2ccccc2)c2ccccc2)CC1,0,valid
CC/[GeH]=N/O,0,valid
N[C@@H](C(=O)N[C@@H]1C(=O)N2C(C(=O)O)=C(CSc3c[nH]nn3)CS[C@H]12)c1ccc(O)cc1,0,valid
CC1COC2(c3ccccc3Cl)c3cc(Cl)ccc3NC(=O)CN12,0,valid
C=CCC(CC=C)c1ccc(OC)cc1,0,valid
Nc1nc(N)nc(-c2cc(Cl)c(O)cc2Cl)n1,0,valid
NC[C@H]1O[C@H](O[C@@H]2[C@@H](N)C[C@@H](N)[C@H](O)[C@H]2O[C@@H]2O[C@H](CO)[C@@H](O)[C@H]2O)[C@H](N)[C@@H](O)[C@@H]1O,0,valid
Cc1ccccc1OC[C@H](O)COC(=O)c1cccnc1,0,valid
Clc1ccc(N2N=NC[C@H]2c2ccncc2)cc1,0,valid
CCOC(=O)c1cc(C)c(N)c(C)c1,0,valid
CC(C)c1ccc([C@@]2(C)OC[C@@H](N(C=O)CO)O2)cc1,0,valid
CCC1(c2ccccc2)CCC(=O)N(CN2CCN(CN3C(=O)CCC(CC)(c4ccccc4)C3=O)CC2)C1=O,0,valid
COc1cc(C(=O)/N=c2/sc(S(N)(=O)=O)nn2C)cc(OC)c1OC,0,valid
CCCCOCC(COCCCC)OC(C)=O,0,valid
Cn1nc(S(N)(=O)=O)s/c1=N/C(=O)c1ccccc1,0,valid
CCN(CC)[P@@]1(=O)OC(C)(C)C[C@]1(C)O,0,valid
C[C@]1(c2ccccc2)O[C@@H](COC(N)=O)CS1,0,valid
Cn1nc(S(N)(=O)=O)s/c1=N/C(=O)c1ccc(I)cc1,0,valid
COc1ccc(/C=C2\NC(=S)N(c3ccc(Br)cc3)C2=O)c(OC)c1,0,valid
Cn1c(=O)c2c(nc(S)n2C)n(C)c1=O,0,valid
NC(=O)c1cccc(C(N)=O)c1,0,valid
COc1cccc(/C=C2\NC(=S)N(c3ccc(Br)cc3)C2=O)c1OC,0,valid
COc1ccc(C(=O)N2CCN(c3ccc4c(c3)CCC(=O)N4)CC2)cc1OC,0,valid
COP(=S)(OC)Oc1cc(Cl)c(Br)cc1Cl,0,valid
O=C1CN=C(c2ccccc2)c2cc(Cl)ccc2N1CC1CC1,0,valid
O=C1NCCN1/N=C/c1ccc([N+](=O)[O-])o1,0,valid
CN(C)Cc1oc(C(=O)O)cc(=O)c1O,0,valid
NC(=O)NC(=O)[C@]1(c2ccccc2)CCC(=O)O1,0,valid
Cc1ccccc1/N=C1/SCC(=O)N1CCCN1CCOCC1,0,valid
O=C(COc1ccc([N+](=O)[O-])cc1)N1CC1,0,valid
COC(=O)c1ccc(NC(=O)c2ccc(/N=C3/C(=O)Nc4ccc(Cl)cc43)cc2)cc1,0,valid
CC1(C)C[C@@](C)(O)[P@](=O)(c2ccccc2)O1,0,valid
CCC[C@@H](C[C@H](C)OC(N)=O)OC(N)=O,0,valid
C=CC(=O)OCCCC,0,valid
CN(C)CCN,0,valid
CC[C@@H](C)OC(=O)C[C@H]1NS(=O)(=O)c2ccccc21,0,valid
COC(=O)C[C@H]1NS(=O)(=O)c2ccccc21,0,valid
CCCCOC(=O)C[C@H]1NS(=O)(=O)c2ccccc21,0,valid
CC[C@@H](C)OC(=O)/C=C/c1ccccc1S(N)(=O)=O,0,valid
C[C@@]1(c2ccc(Cl)cc2)O[C@@H](COC(N)=O)CS1,0,valid
COc1cc(OC)cc(OC[C@@H](O)CO)c1,0,valid
OCCc1ccccc1-c1ccccn1,0,valid
O=C1CC(c2ccc(OCCCCCCCOc3ccc(C4CC(=O)NC4=O)cc3)cc2)C(=O)N1,0,valid
NS(=O)(=O)c1ccc(C(=O)c2ccc(S(N)(=O)=O)s2)s1,0,valid
O=C(c1ccccc1)c1ccccc1,0,valid
CCc1ccc(-c2cn3c4c(=O)n(C)c(=O)n(C)c4nc3n2C2CCCCC2)cc1,0,valid
CCC[C@@H]1N2CCCC[C@@H]2[C@@H]2c3c(c4ccccc4n3C)CCN21,0,valid
CCSc1nn2c(=O)c3cc(-c4ccccc4)sc3nc2s1,0,valid
NC(=O)NC(=O)NCCCc1ccccc1,0,valid
COC(=O)c1ccc(NC(=O)c2ccc(/N=C3/C(=O)N(CN4CCOCC4)c4ccc(Cl)cc43)cc2)cc1,0,valid
O=C1/C(=C\C=C\c2ccccc2)SC(=S)N1CN1CCCC1,0,valid
CC(C)c1ccc([C@@]2(C)O[C@@H](CO)CS2)cc1,0,valid
C[C@H](COC(=O)COc1ccc(Cl)cc1)N(C)C,0,valid
Cc1cccc(N2C[C@@H](CO)OC2=O)c1,0,valid
CCCOc1ccccc1OC[C@@H](O)CO,0,valid
O=c1nc(-c2cc(Cl)ccc2Cl)[nH]c(=O)[nH]1,0,valid
O=C(O)c1ccccc1Nc1cccc(Cl)c1CO,0,valid
S=C1NCCCN1,0,valid
CCCC[C@@H]1C(=O)NC(=O)N(C2CCCCC2)C1=O,0,valid
Cc1ccccc1OCc1coc(=O)[nH]1,0,valid
COc1cc(C)nc(-n2nc(C)cc2OC)n1,0,valid
COc1ccc(C(=O)N[C@H]2CCC[C@@H]3CCN(C)C[C@@H]23)cc1OC,0,valid
Cc1ccc(C(C)C)cc2c(C)ccc1-2,0,valid
CO/N=C(\C(=O)N[C@@H]1C(=O)N2C(C(=O)OC(C)OC(C)=O)=C(COC(N)=O)CS[C@H]12)c1ccco1,0,valid
CN1C(=O)C(=O)c2cc(Br)ccc21,0,valid
Cc1[nH]c2ccccc2c1Cc1n[nH]c(=S)n1-c1ccc(I)cc1,1,valid
O=C1CS/C(=N/c2ccccc2)N1CCCN1CCOCC1,1,valid
Cc1cc(-n2c(C)nc3ccc(Cl)cc3c2=O)on1,1,valid
CCc1nc2cc(C)ccc2c(=O)n1-c1cc(C)no1,1,valid
Cc1csc2nc3[nH]ncc3c(=S)n12,1,valid
Fc1ccc(-c2csc3nc4[nH]ncc4c(=S)n23)cc1,1,valid
CCn1nc(C(C)(C)C)c2c1-c1ccccc1C2(O)c1ccc(C)cc1,1,valid
CN(C)CCOc1ccnc(N)n1,1,valid
NC(=O)OC[C@@H](O)COc1ccc(Cl)cc1,1,valid
COc1ccc(C(=O)N[C@H]2CCC[C@@H]3CCN(C)C[C@H]23)cc1,1,valid
c1ccc(-c2nncs2)cc1,1,valid
O=c1ccc(-c2ccccc2)nn1CCO,1,valid
Cc1[nH]c2ccccc2c1CC(=O)NNC(=S)Nc1ccccc1,1,valid
COc1ccc(/N=C(NO)/C(C)=N/N)cc1,1,valid
O=C(O)CCc1nc(-c2ccccc2)c(-c2ccccc2)o1,1,valid
Cc1nc(N)nc(Nc2ccccc2)n1,1,valid
Cc1cccc2c1N=C(O)C2=O,1,valid
O=C(O)c1ccccc1O,1,valid
Cc1ccc2nc3c(c(N4CCN(c5ccccc5)CC4)c2c1)CCC3,1,valid
Cc1ccc(N2CCN(c3c4c(nc5c(C)cccc35)CCC4)CC2)cc1,1,valid
Cc1ccc(NC(=S)NNC(=O)Cc2c(C)[nH]c3ccccc23)cc1,1,valid
CCN(CC)[C@H](C)COC(=O)COc1ccc(Cl)cc1,1,valid
COc1cc([C@@H]2c3cc4c(cc3[C@H](O)[C@H]3COC(=O)[C@@H]23)OCO4)cc(OC)c1OC,1,valid
O=C(c1c2c(nc3ccccc13)CCCC2)N1CCCCC1,1,valid
CCN(CC)C(=O)c1c2c(nc3ccccc13)CCCCC2,1,valid
CN1CC[C@H]2CCC[C@H](NC(=O)c3ccc(Cl)c(Cl)c3)[C@H]2C1,1,valid
c1ccc(-c2nnc(-c3ccccc3)s2)cc1,1,valid
Nc1nnc(-c2ccccn2)s1,1,valid
CCN(C)[C@H]1CCN([C@@H]2Cc3ccccc3Sc3ccc(Cl)cc32)C1,1,valid
OCc1cccc2cc(Oc3ccc(Cl)c4cccnc34)c(O)cc12,1,valid
O=C(O)CCCN(CN(C1=NCCN1)C1CCCCC1)C(=O)c1ccccc1,1,valid
O=NN1CCC[C@H]1C(=O)O,1,valid
CCC=O,1,valid
COC/C=C1/CN2[C@H]3C[C@]45C(=Nc6c(OC)cc(OC)c(OC)c64)OC[C@H]3[C@H]1C[C@H]25,1,valid
COC(F)(F)C(C(F)(F)F)C(F)(F)F,1,valid
CC(=N\N)/C(=N/O)Nc1ccc(N(CCCl)CCCl)cc1,1,valid
O=C/C=C(\Cl)c1ccc(Br)cc1,1,valid
O=C(COc1ccccc1)NCCN1CCCOCC1,1,valid
O=C(O)CNCP(=O)(O)O,1,valid
CSc1nc(=O)c(C(C)(C)C)n[nH]1,1,valid
Cc1ccnc(N(CCN(C)C)Cc2ccc(Br)cc2)n1,1,valid
CN(C)CCCN1c2ccc(O)cc2Sc2ccc(Cl)cc21,1,valid
COCC(=O)Nc1ccc(C2=NN(C(C)=O)C(C)Cc3cc4c(cc32)OCO4)cc1,1,valid
COc1ccc2c(c1)N(CCCN(C)C)c1ccccc1S2,1,valid
CC[C@H]1CN2CCc3c([nH]c4ccccc34)[C@H]2C[C@@H]1/C(=C\OC)C(=O)OC,1,valid
CN1C(c2ccncc2)=NCC1c1ccccc1,1,valid
Clc1ccccc1N1CCN(CCc2cccnc2)CC1,1,valid
COc1ccc(CCN2CCN(c3ccccn3)CC2)cc1,1,valid
CCOC(=O)CN(C1CCCCC1)C1CCCCC1,1,valid
Clc1ccccc1N1CCN(CCc2ccncc2)CC1,1,valid
O=C(Cc1ccc([N+](=O)[O-])cc1)OCCF,1,valid
C1CCN2C[C@H]3C[C@H](CN4CCCC[C@H]34)[C@@H]2C1,1,valid
OCc1cc(Br)cc2cc(Oc3cccc4cccnc34)c(O)c(Br)c12,1,valid
Cc1cc(Nc2nc(C)ccc2S)nc(N)n1,1,valid
COc1ccc(CCN2CCN(c3cccc(C)c3C)CC2)cc1OC,1,valid
OC(Cc1ccccc1)CN1CCN(c2ccccc2)CC1,1,valid
OCc1cccc2c(O)c(Oc3cccc4cccnc34)ccc12,1,valid
Cc1ccccc1N1CCN(CCc2ccncc2)CC1,1,valid
CNCCCN1c2ccc(O)cc2Sc2ccc(Cl)cc21,1,valid
O=C(/C=C/c1ccccc1)OCCF,1,valid
CCN1CCC[C@H](Nc2cc(C)nc(NC(=N)Nc3ccc(Cl)c(Cl)c3)n2)C1,1,valid
CC(=O)O[C@@H]1C(=O)[C@@]23C[C@H](CC[C@H]2[C@@](C)(O)[C@@H]2[C@H](Cl)[C@H](O)C(C)(C)[C@]12O)[C@](C)(O)C3,1,valid
CC1(C)O[C@@H]2C(=O)[C@]34C[C@@H](CC[C@H]3[C@@](C)(O)[C@H]3[C@H]5O[C@@H]5C(C)(C)[C@@]23O1)[C@](C)(O)C4,1,valid
CCN1CCC[C@H]1c1cccnc1,1,valid
COc1ccccc1CN1CCOCC1,1,valid
CCOP(=S)(OCC)Oc1cc(Cl)c(Br)cc1Cl,1,valid
CNC1(C#N)CCCCC1,1,valid
O=C(CI)OCCOC(=O)CI,1,valid
Nc1c2c(nc3ccccc13)CCCCC2,1,valid
CC(C)CC1=C(C(=O)c2ccoc2)C[C@@H](C)C1,1,valid
CC(=O)O[C@H]1C[C@H](O[C@H]2[C@@H](O)C[C@H](O[C@H]3[C@@H](O)C[C@H](O[C@H]4CC[C@]5(C)[C@H]6CC[C@@]7(C)[C@@H](C8=CC(=O)OC8)CC[C@]7(O)[C@@H]6CC[C@@H]5C4)O[C@@H]3C)O[C@@H]2C)O[C@H](C)[C@H]1O,1,valid
CCN(CC)C(=S)SC(=O)N(C)C,1,valid
CCOc1ccc(Cc2nc3cc([N+](=O)[O-])ccc3n2CCN(CC)CC)cc1,1,valid
